"Identifier","CompoundName","MonoisotopicMass","MolecularFormula","SMILES","InChI","InChIKey"
12722,"Diphenyl phosphate",250.03949,"C12H11O4P","c1ccc(cc1)OP(=O)(O)Oc2ccccc2","InChI=1S/C12H11O4P/c13-17(14,15-11-7-3-1-4-8-11)16-12-9-5-2-6-10-12/h1-10H,(H,13,14)","ASMQGLCHMVWBQR-UHFFFAOYSA-N"
49888,"2-Chloro-3-propoxy-1,4-naphthoquinone",250.039673,"C13H11ClO3","CCCOC1=C(C(=O)c2ccccc2C1=O)Cl","InChI=1S/C13H11ClO3/c1-2-7-17-13-10(14)11(15)8-5-3-4-6-9(8)12(13)16/h3-6H,2,7H2,1H3","LHRLRJXHMDGYQJ-UHFFFAOYSA-N"
93068,"2-(4-Chlorophenyl)-3-(2-furyl)propanoic acid",250.039673,"C13H11ClO3","c1cc(oc1)CC(c2ccc(cc2)Cl)C(=O)O","InChI=1S/C13H11ClO3/c14-10-5-3-9(4-6-10)12(13(15)16)8-11-2-1-7-17-11/h1-7,12H,8H2,(H,15,16)","DABUAUJNVONJSH-UHFFFAOYSA-N"
159005,"3-[(4,6-Dimethyl-2-pyrimidinyl)sulfanyl]-1,1,1-trifluoroacetone",250.038773,"C9H9F3N2OS","Cc1cc(nc(n1)SCC(=O)C(F)(F)F)C","InChI=1S/C9H9F3N2OS/c1-5-3-6(2)14-8(13-5)16-4-7(15)9(10,11)12/h3H,4H2,1-2H3","XXEMLYYGLAYOSQ-UHFFFAOYSA-N"
160909,"S-Propyl O-(2,2,2-trifluoroethyl) ethylphosphonothioate",250.040421,"C7H14F3O2PS","CCCSP(=O)(CC)OCC(F)(F)F","InChI=1S/C7H14F3O2PS/c1-3-5-14-13(11,4-2)12-6-7(8,9)10/h3-6H2,1-2H3","YIIMSVKLJAFFRC-UHFFFAOYSA-N"
160911,"S-sec-Butyl O-(2,2,2-trifluoroethyl) methylphosphonothioate",250.040421,"C7H14F3O2PS","CCC(C)SP(=O)(C)OCC(F)(F)F","InChI=1S/C7H14F3O2PS/c1-4-6(2)14-13(3,11)12-5-7(8,9)10/h6H,4-5H2,1-3H3","VAMPBTRHAOMYQF-UHFFFAOYSA-N"
223337,"2-Hydroxyphenyl hydrogen phenylphosphonate",250.03949,"C12H11O4P","c1ccc(cc1)P(=O)(O)Oc2ccccc2O","InChI=1S/C12H11O4P/c13-11-8-4-5-9-12(11)16-17(14,15)10-6-2-1-3-7-10/h1-9,13H,(H,14,15)","ZUYHQYFVRYEXCT-UHFFFAOYSA-N"
245772,"(3-Phenoxyphenyl)phosphonic acid",250.03949,"C12H11O4P","c1ccc(cc1)Oc2cccc(c2)P(=O)(O)O","InChI=1S/C12H11O4P/c13-17(14,15)12-8-4-7-11(9-12)16-10-5-2-1-3-6-10/h1-9H,(H2,13,14,15)","LNQJDCBMFKFXPE-UHFFFAOYSA-N"
250661,"(4-Phenoxyphenyl)phosphonic acid",250.03949,"C12H11O4P","c1ccc(cc1)Oc2ccc(cc2)P(=O)(O)O","InChI=1S/C12H11O4P/c13-17(14,15)12-8-6-11(7-9-12)16-10-4-2-1-3-5-10/h1-9H,(H2,13,14,15)","XTOSBQVJEWIWED-UHFFFAOYSA-N"
267744,"Methyl [(1-chloro-2-naphthyl)oxy]acetate",250.039673,"C13H11ClO3","COC(=O)COc1ccc2ccccc2c1Cl","InChI=1S/C13H11ClO3/c1-16-12(15)8-17-11-7-6-9-4-2-3-5-10(9)13(11)14/h2-7H,8H2,1H3","IFWXZKBHFDAFQG-UHFFFAOYSA-N"
267750,"Methyl [(4-chloro-1-naphthyl)oxy]acetate",250.039673,"C13H11ClO3","COC(=O)COc1ccc(c2c1cccc2)Cl","InChI=1S/C13H11ClO3/c1-16-13(15)8-17-12-7-6-11(14)9-4-2-3-5-10(9)12/h2-7H,8H2,1H3","LUUBMEATWNWTGQ-UHFFFAOYSA-N"
286653,"6-Chloro-4'-methylene-2,3,3',4'-tetrahydro-5'H-spiro[chromene-4,2'-furan]-5'-one",250.039673,"C13H11ClO3","C=C1CC2(CCOc3c2cc(cc3)Cl)OC1=O","InChI=1S/C13H11ClO3/c1-8-7-13(17-12(8)15)4-5-16-11-3-2-9(14)6-10(11)13/h2-3,6H,1,4-5,7H2","CTSKKPHXSRUMRY-UHFFFAOYSA-N"
337439,"2-Phenoxyphenylphosphonic acid",250.03949,"C12H11O4P","c1ccc(cc1)Oc2ccccc2P(=O)(O)O","InChI=1S/C12H11O4P/c13-17(14,15)12-9-5-4-8-11(12)16-10-6-2-1-3-7-10/h1-9H,(H2,13,14,15)","QJBGUHKUISPHMW-UHFFFAOYSA-N"
405277,"5-Fluoro-6-methoxy-8-nitro-4-quinolinecarbaldehyde",250.038986,"C11H7FN2O4","COc1cc(c2c(c1F)c(ccn2)C=O)[N+](=O)[O-]","InChI=1S/C11H7FN2O4/c1-18-8-4-7(14(16)17)11-9(10(8)12)6(5-15)2-3-13-11/h2-5H,1H3","BYEPDNNOVLCHKP-UHFFFAOYSA-N"
470623,"7-Chloro-3a,8b-dihydro-1H-benzo[b]cyclopenta[d]furan-1-yl acetate",250.039673,"C13H11ClO3","CC(=O)OC1C=CC2C1c3cc(ccc3O2)Cl","InChI=1S/C13H11ClO3/c1-7(15)16-11-4-5-12-13(11)9-6-8(14)2-3-10(9)17-12/h2-6,11-13H,1H3","IFDLOYDVLJHUKF-UHFFFAOYSA-N"
604633,"N-(4-Fluorophenyl)-5-nitro-2-furamide",250.038986,"C11H7FN2O4","c1cc(ccc1NC(=O)c2ccc(o2)[N+](=O)[O-])F","InChI=1S/C11H7FN2O4/c12-7-1-3-8(4-2-7)13-11(15)9-5-6-10(18-9)14(16)17/h1-6H,(H,13,15)","KWOBQCKIROYNFF-UHFFFAOYSA-N"
611748,"N-(2-Fluoro-5-nitrophenyl)-2-furamide",250.038986,"C11H7FN2O4","c1cc(oc1)C(=O)Nc2cc(ccc2F)[N+](=O)[O-]","InChI=1S/C11H7FN2O4/c12-8-4-3-7(14(16)17)6-9(8)13-11(15)10-2-1-5-18-10/h1-6H,(H,13,15)","SKDJUOYCJCCSLZ-UHFFFAOYSA-N"
627134,"4-Chloro-3,5-dimethylphenyl 2-furoate",250.039673,"C13H11ClO3","Cc1cc(cc(c1Cl)C)OC(=O)c2ccco2","InChI=1S/C13H11ClO3/c1-8-6-10(7-9(2)12(8)14)17-13(15)11-4-3-5-16-11/h3-7H,1-2H3","VYIOLRJWEVDUNL-UHFFFAOYSA-N"
643910,"2-Chloro-3-isopropoxy-1,4-naphthoquinone",250.039673,"C13H11ClO3","CC(C)OC1=C(C(=O)c2ccccc2C1=O)Cl","InChI=1S/C13H11ClO3/c1-7(2)17-13-10(14)11(15)8-5-3-4-6-9(8)12(13)16/h3-7H,1-2H3","QKRFTDNUEHPOJG-UHFFFAOYSA-N"
671872,"N-(2-Fluorophenyl)-5-nitro-2-furamide",250.038986,"C11H7FN2O4","c1ccc(c(c1)NC(=O)c2ccc(o2)[N+](=O)[O-])F","InChI=1S/C11H7FN2O4/c12-7-3-1-2-4-8(7)13-11(15)9-5-6-10(18-9)14(16)17/h1-6H,(H,13,15)","WNUFDSYKVSCGHX-UHFFFAOYSA-N"
689984,"N-(4-Fluoro-3-nitrophenyl)-2-furamide",250.038986,"C11H7FN2O4","c1cc(oc1)C(=O)Nc2ccc(c(c2)[N+](=O)[O-])F","InChI=1S/C11H7FN2O4/c12-8-4-3-7(6-9(8)14(16)17)13-11(15)10-2-1-5-18-10/h1-6H,(H,13,15)","PBEKQAXOJSSCRA-UHFFFAOYSA-N"
706867,"[2-(4-Chlorophenyl)-5-oxo-1-cyclopenten-1-yl]acetic acid",250.039673,"C13H11ClO3","c1cc(ccc1C2=C(C(=O)CC2)CC(=O)O)Cl","InChI=1S/C13H11ClO3/c14-9-3-1-8(2-4-9)10-5-6-12(15)11(10)7-13(16)17/h1-4H,5-7H2,(H,16,17)","ITHZZAJLNWKPEO-UHFFFAOYSA-N"
707287,"3-[5-(4-Chlorophenyl)-2-furyl]propanoic acid",250.039673,"C13H11ClO3","c1cc(ccc1c2ccc(o2)CCC(=O)O)Cl","InChI=1S/C13H11ClO3/c14-10-3-1-9(2-4-10)12-7-5-11(17-12)6-8-13(15)16/h1-5,7H,6,8H2,(H,15,16)","FIXOHABRIXQDMY-UHFFFAOYSA-N"
761471,"N-(3-Fluorophenyl)-5-nitro-2-furamide",250.038986,"C11H7FN2O4","c1cc(cc(c1)F)NC(=O)c2ccc(o2)[N+](=O)[O-]","InChI=1S/C11H7FN2O4/c12-7-2-1-3-8(6-7)13-11(15)9-4-5-10(18-9)14(16)17/h1-6H,(H,13,15)","OCCSBIIATSCWHU-UHFFFAOYSA-N"
841780,"1-Methyl-3-[4-(trifluoromethoxy)phenyl]thiourea",250.038773,"C9H9F3N2OS","CNC(=S)Nc1ccc(cc1)OC(F)(F)F","InChI=1S/C9H9F3N2OS/c1-13-8(16)14-6-2-4-7(5-3-6)15-9(10,11)12/h2-5H,1H3,(H2,13,14,16)","BJIFQQLWLXLPHM-UHFFFAOYSA-N"
954940,"7-[(2-Chloro-2-propen-1-yl)oxy]-4-methyl-2H-chromen-2-one",250.039673,"C13H11ClO3","Cc1cc(=O)oc2c1ccc(c2)OCC(=C)Cl","InChI=1S/C13H11ClO3/c1-8-5-13(15)17-12-6-10(3-4-11(8)12)16-7-9(2)14/h3-6H,2,7H2,1H3","RWSOGXRLIXDZFL-UHFFFAOYSA-N"
1034225,"5-[(4-Chloro-3-methylphenoxy)methyl]-2-furaldehyde",250.039673,"C13H11ClO3","Cc1cc(ccc1Cl)OCc2ccc(o2)C=O","InChI=1S/C13H11ClO3/c1-9-6-10(4-5-13(9)14)16-8-12-3-2-11(7-15)17-12/h2-7H,8H2,1H3","YFCVKBSWUILOON-UHFFFAOYSA-N"
1039576,"bis(2-hydroxyphenyl)phosphinic acid",250.03949,"C12H11O4P","c1ccc(c(c1)O)P(=O)(c2ccccc2O)O","InChI=1S/C12H11O4P/c13-9-5-1-3-7-11(9)17(15,16)12-8-4-2-6-10(12)14/h1-8,13-14H,(H,15,16)","IAFWOPORZQMXJN-UHFFFAOYSA-N"
1270709,"N-{2-[(Trifluoromethyl)sulfanyl]ethyl}nicotinamide",250.038773,"C9H9F3N2OS","c1cc(cnc1)C(=O)NCCSC(F)(F)F","InChI=1S/C9H9F3N2OS/c10-9(11,12)16-5-4-14-8(15)7-2-1-3-13-6-7/h1-3,6H,4-5H2,(H,14,15)","AEHDQTGWDYQAIU-UHFFFAOYSA-N"
1409863,"7-(Allyloxy)-3-chloro-4-methyl-2H-chromen-2-one",250.039673,"C13H11ClO3","Cc1c2ccc(cc2oc(=O)c1Cl)OCC=C","InChI=1S/C13H11ClO3/c1-3-6-16-9-4-5-10-8(2)12(14)13(15)17-11(10)7-9/h3-5,7H,1,6H2,2H3","ZGGNZCWHNIRFER-UHFFFAOYSA-N"
1409865,"7-(Allyloxy)-6-chloro-4-methyl-2H-chromen-2-one",250.039673,"C13H11ClO3","Cc1cc(=O)oc2c1cc(c(c2)OCC=C)Cl","InChI=1S/C13H11ClO3/c1-3-4-16-12-7-11-9(6-10(12)14)8(2)5-13(15)17-11/h3,5-7H,1,4H2,2H3","AZRHIWMKNPQDGU-UHFFFAOYSA-N"
1453697,"8-Chloro-7-methoxy-2,3-dihydrocyclopenta[c]chromen-4(1H)-one",250.039673,"C13H11ClO3","COc1cc2c(cc1Cl)c3c(c(=O)o2)CCC3","InChI=1S/C13H11ClO3/c1-16-12-6-11-9(5-10(12)14)7-3-2-4-8(7)13(15)17-11/h5-6H,2-4H2,1H3","LFOYAUSVEZLRTO-UHFFFAOYSA-N"
1604796,"3-(2-Fluorophenyl)-2,4-dioxo-1,2,3,4-tetrahydro-5-pyrimidinecarboxylic acid",250.038986,"C11H7FN2O4","c1ccc(c(c1)n2c(=O)c(c[nH]c2=O)C(=O)O)F","InChI=1S/C11H7FN2O4/c12-7-3-1-2-4-8(7)14-9(15)6(10(16)17)5-13-11(14)18/h1-5H,(H,13,18)(H,16,17)","RAFOVQFSBFYBRR-UHFFFAOYSA-N"
2008503,"3-[(4-Chlorobenzyl)oxy]-2-methyl-4H-pyran-4-one",250.039673,"C13H11ClO3","Cc1c(c(=O)cco1)OCc2ccc(cc2)Cl","InChI=1S/C13H11ClO3/c1-9-13(12(15)6-7-16-9)17-8-10-2-4-11(14)5-3-10/h2-7H,8H2,1H3","OEYPWNBUBMDSSQ-UHFFFAOYSA-N"
2022129,"3-Ethoxy-5-(trifluoromethyl)-2-pyridinecarbothioamide",250.038773,"C9H9F3N2OS","CCOc1cc(cnc1C(=S)N)C(F)(F)F","InChI=1S/C9H9F3N2OS/c1-2-15-6-3-5(9(10,11)12)4-14-7(6)8(13)16/h3-4H,2H2,1H3,(H2,13,16)","YQUHNNBHBMYAAA-UHFFFAOYSA-N"
2027659,"3-[2-Oxo-3-(trifluoromethyl)-1(2H)-pyridinyl]propanethioamide",250.038773,"C9H9F3N2OS","c1cc(c(=O)n(c1)CCC(=S)N)C(F)(F)F","InChI=1S/C9H9F3N2OS/c10-9(11,12)6-2-1-4-14(8(6)15)5-3-7(13)16/h1-2,4H,3,5H2,(H2,13,16)","HNSCPXKBKQVXMY-UHFFFAOYSA-N"
2058045,"Methyl 5-(4-chlorobenzyl)-2-furoate",250.039673,"C13H11ClO3","COC(=O)c1ccc(o1)Cc2ccc(cc2)Cl","InChI=1S/C13H11ClO3/c1-16-13(15)12-7-6-11(17-12)8-9-2-4-10(14)5-3-9/h2-7H,8H2,1H3","ICDHIVFFEUCRPI-UHFFFAOYSA-N"
2328947,"Bis(3-hydroxyphenyl)phosphinic acid",250.03949,"C12H11O4P","c1cc(cc(c1)P(=O)(c2cccc(c2)O)O)O","InChI=1S/C12H11O4P/c13-9-3-1-5-11(7-9)17(15,16)12-6-2-4-10(14)8-12/h1-8,13-14H,(H,15,16)","UHYSQTXVHJVDCS-UHFFFAOYSA-N"
2495311,"3-Butyryl-6-chloro-2H-chromen-2-one",250.039673,"C13H11ClO3","CCCC(=O)c1cc2cc(ccc2oc1=O)Cl","InChI=1S/C13H11ClO3/c1-2-3-11(15)10-7-8-6-9(14)4-5-12(8)17-13(10)16/h4-7H,2-3H2,1H3","IEQKRTNXPIAPGF-UHFFFAOYSA-N"
2627475,"N-{2-[(Trifluoromethyl)sulfanyl]ethyl}isonicotinamide",250.038773,"C9H9F3N2OS","c1cnccc1C(=O)NCCSC(F)(F)F","InChI=1S/C9H9F3N2OS/c10-9(11,12)16-6-5-14-8(15)7-1-3-13-4-2-7/h1-4H,5-6H2,(H,14,15)","OEARHNPGGMOKBB-UHFFFAOYSA-N"
2818302,"6-(Allyloxy)-7-chloro-4-methyl-2H-chromen-2-one",250.039673,"C13H11ClO3","Cc1cc(=O)oc2c1cc(c(c2)Cl)OCC=C","InChI=1S/C13H11ClO3/c1-3-4-16-12-6-9-8(2)5-13(15)17-11(9)7-10(12)14/h3,5-7H,1,4H2,2H3","BVWOLYVVSUTTNY-UHFFFAOYSA-N"
2924373,"2-(Allylsulfanyl)-3-methyl-6-(trifluoromethyl)-4(3H)-pyrimidinone",250.038773,"C9H9F3N2OS","Cn1c(=O)cc(nc1SCC=C)C(F)(F)F","InChI=1S/C9H9F3N2OS/c1-3-4-16-8-13-6(9(10,11)12)5-7(15)14(8)2/h3,5H,1,4H2,2H3","COJBSZURKOQIOI-UHFFFAOYSA-N"
2934949,"5-(Benzyloxy)-2-(chloromethyl)-4H-pyran-4-one",250.039673,"C13H11ClO3","c1ccc(cc1)COc2coc(cc2=O)CCl","InChI=1S/C13H11ClO3/c14-7-11-6-12(15)13(9-16-11)17-8-10-4-2-1-3-5-10/h1-6,9H,7-8H2","APNXHQOSBORUQT-UHFFFAOYSA-N"
3032105,"Allyl 6-chloro-2H-chromene-3-carboxylate",250.039673,"C13H11ClO3","C=CCOC(=O)C1=Cc2cc(ccc2OC1)Cl","InChI=1S/C13H11ClO3/c1-2-5-16-13(15)10-6-9-7-11(14)3-4-12(9)17-8-10/h2-4,6-7H,1,5,8H2","YSBQRPVWDUXONV-UHFFFAOYSA-N"
3866810,"3-(3-Chloropropyl)-4-hydroxy-1,2-naphthalenedione",250.039673,"C13H11ClO3","c1ccc2c(c1)C(=C(C(=O)C2=O)CCCCl)O","InChI=1S/C13H11ClO3/c14-7-3-6-10-11(15)8-4-1-2-5-9(8)12(16)13(10)17/h1-2,4-5,15H,3,6-7H2","RQPXGDFPIUGKOK-UHFFFAOYSA-N"
4097083,"Methyl 5-(2-chlorophenyl)-3-methyl-2-furoate",250.039673,"C13H11ClO3","Cc1cc(oc1C(=O)OC)c2ccccc2Cl","InChI=1S/C13H11ClO3/c1-8-7-11(17-12(8)13(15)16-2)9-5-3-4-6-10(9)14/h3-7H,1-2H3","AMBIYLCLUUZSPI-UHFFFAOYSA-N"
4421208,"4-[(3-Chlorobenzyl)oxy]-6-methyl-2H-pyran-2-one",250.039673,"C13H11ClO3","Cc1cc(cc(=O)o1)OCc2cccc(c2)Cl","InChI=1S/C13H11ClO3/c1-9-5-12(7-13(15)17-9)16-8-10-3-2-4-11(14)6-10/h2-7H,8H2,1H3","LWTHWLRFHYLQBA-UHFFFAOYSA-N"
4441257,"1-[4-(Trifluoromethoxy)benzyl]thiourea",250.038773,"C9H9F3N2OS","c1cc(ccc1CNC(=S)N)OC(F)(F)F","InChI=1S/C9H9F3N2OS/c10-9(11,12)15-7-3-1-6(2-4-7)5-14-8(13)16/h1-4H,5H2,(H3,13,14,16)","DPMRHKYLADRBQW-UHFFFAOYSA-N"
4479842,"2-Chloro-3-hydroxy-7,8,9,10-tetrahydro-benzo[c]chromen-6-one",250.039673,"C13H11ClO3","c1c2c(cc(c1Cl)O)oc(=O)c3c2CCCC3","InChI=1S/C13H11ClO3/c14-10-5-9-7-3-1-2-4-8(7)13(16)17-12(9)6-11(10)15/h5-6,15H,1-4H2","PIZFKAWPTPSHFH-UHFFFAOYSA-N"
4549512,"8-Allyl-6-chloro-7-hydroxy-4-methyl-2H-chromen-2-one",250.039673,"C13H11ClO3","Cc1cc(=O)oc2c1cc(c(c2CC=C)O)Cl","InChI=1S/C13H11ClO3/c1-3-4-8-12(16)10(14)6-9-7(2)5-11(15)17-13(8)9/h3,5-6,16H,1,4H2,2H3","JOBCUSHKUBSMDR-UHFFFAOYSA-N"
4984782,"2-(3,5-Dichloro-1H-1,2,4-triazol-1-yl)-N-(2-methyl-2-propanyl)acetamide",250.038818,"C8H12Cl2N4O","CC(C)(C)NC(=O)Cn1c(nc(n1)Cl)Cl","InChI=1S/C8H12Cl2N4O/c1-8(2,3)12-5(15)4-14-7(10)11-6(9)13-14/h4H2,1-3H3,(H,12,15)","GRMUCWWKXMMSGH-UHFFFAOYSA-N"
5382213,"5-[(2-Chloro-6-methylphenoxy)methyl]-2-furaldehyde",250.039673,"C13H11ClO3","Clc2c(OCc1oc(cc1)C=O)c(ccc2)C","InChI=1S/C13H11ClO3/c1-9-3-2-4-12(14)13(9)16-8-11-6-5-10(7-15)17-11/h2-7H,8H2,1H3","CUCYONZGTOHCOV-UHFFFAOYSA-N"
5382216,"5-[(3-Chloro-2-methylphenoxy)methyl]-2-furaldehyde",250.039673,"C13H11ClO3","Clc2c(c(OCc1oc(cc1)C=O)ccc2)C","InChI=1S/C13H11ClO3/c1-9-12(14)3-2-4-13(9)16-8-11-6-5-10(7-15)17-11/h2-7H,8H2,1H3","YJMPGBIROMCRQW-UHFFFAOYSA-N"
5548958,"2,2,2-Trifluoro-N-(4,5,6,7-tetrahydro-1,3-benzothiazol-2-yl)acetamide",250.038773,"C9H9F3N2OS","FC(F)(F)C(=O)Nc1nc2c(s1)CCCC2","InChI=1S/C9H9F3N2OS/c10-9(11,12)7(15)14-8-13-5-3-1-2-4-6(5)16-8/h1-4H2,(H,13,14,15)","HPFBSYAJHUFRCR-UHFFFAOYSA-N"
7737513,"5-Fluoro-2-nitrophenyl 1H-pyrrole-2-carboxylate",250.038986,"C11H7FN2O4","O=C(Oc1cc(F)ccc1[N+]([O-])=O)c2cccn2","InChI=1S/C11H7FN2O4/c12-7-3-4-9(14(16)17)10(6-7)18-11(15)8-2-1-5-13-8/h1-6,13H","YIUSFHKWZNKSKS-UHFFFAOYSA-N"
8167907,"2-[(4-Chloro-1-naphthyl)oxy]propanoic acid",250.039673,"C13H11ClO3","O=C(O)C(Oc2c1ccccc1c(Cl)cc2)C","InChI=1S/C13H11ClO3/c1-8(13(15)16)17-12-7-6-11(14)9-4-2-3-5-10(9)12/h2-8H,1H3,(H,15,16)","HOHIPGJCDFPKCE-UHFFFAOYSA-N"
8213335,"Methyl 5-(4-chlorophenyl)-2-methyl-3-furoate",250.039673,"C13H11ClO3","Clc2ccc(c1oc(c(c1)C(=O)OC)C)cc2","InChI=1S/C13H11ClO3/c1-8-11(13(15)16-2)7-12(17-8)9-3-5-10(14)6-4-9/h3-7H,1-2H3","RABXPWAYPCBHHU-UHFFFAOYSA-N"
8507842,"1-Bromo-5-(trimethylsilyl)-5-hexen-2-ol",250.038849,"C9H19BrOSi","BrCC(O)CC\C(=C)[Si](C)(C)C","InChI=1S/C9H19BrOSi/c1-8(12(2,3)4)5-6-9(11)7-10/h9,11H,1,5-7H2,2-4H3","MIRVBKGETFVHRS-UHFFFAOYSA-N"
8597678,"3-(4-Chlorophenyl)-4-methoxy-6-methyl-2H-pyran-2-one",250.039673,"C13H11ClO3","CC1=CC(=C(C(=O)O1)C2=CC=C(C=C2)Cl)OC","InChI=1S/C13H11ClO3/c1-8-7-11(16-2)12(13(15)17-8)9-3-5-10(14)6-4-9/h3-7H,1-2H3","KWRHMIGHEVKXSP-UHFFFAOYSA-N"
8666341,"Methyl 4-chloro-1-hydroxy-3-methyl-2-naphthoate",250.039673,"C13H11ClO3","O=C(OC)c2c(O)c1ccccc1c(Cl)c2C","InChI=1S/C13H11ClO3/c1-7-10(13(16)17-2)12(15)9-6-4-3-5-8(9)11(7)14/h3-6,15H,1-2H3","HAYXYLARZUIJOG-UHFFFAOYSA-N"
8666342,"1-(4-Chlorophenyl)-3-(4,5-dihydro-3-furanyl)-1,3-propanedione",250.039673,"C13H11ClO3","O=C(\C1=C\OCC1)CC(=O)c2ccc(Cl)cc2","InChI=1S/C13H11ClO3/c14-11-3-1-9(2-4-11)12(15)7-13(16)10-5-6-17-8-10/h1-4,8H,5-7H2","ZIXFGGMOXMPVHU-UHFFFAOYSA-N"
8666343,"(3aR,7aS)-6-(4-Chlorophenyl)-2,3,3a,7a-tetrahydro-4H-furo[2,3-b]pyran-4-one",250.039673,"C13H11ClO3","Clc3ccc(C=1O[C@@H]2OCC[C@H]2C(=O)C=1)cc3","InChI=1S/C13H11ClO3/c14-9-3-1-8(2-4-9)12-7-11(15)10-5-6-16-13(10)17-12/h1-4,7,10,13H,5-6H2/t10-,13-/m0/s1","VDVGWGURNCXDAZ-GWCFXTLKSA-N"
8666344,"1-Ethoxy-3-oxo-3a(3H)-azulenecarbonyl chloride",250.039673,"C13H11ClO3","ClC(=O)C21/C=C\C=C/C=C2C(\OCC)=C/C1=O","InChI=1S/C13H11ClO3/c1-2-17-10-8-11(15)13(12(14)16)7-5-3-4-6-9(10)13/h3-8H,2H2,1H3","STOJSLYFAUBHGI-UHFFFAOYSA-N"
8738059,"6-Chloro-4-ethoxy-5-phenyl-2H-pyran-2-one",250.039673,"C13H11ClO3","O=C/1OC(\Cl)=C(C(\OCC)=C\1)c2ccccc2","InChI=1S/C13H11ClO3/c1-2-16-10-8-11(15)17-13(14)12(10)9-6-4-3-5-7-9/h3-8H,2H2,1H3","IHZUINVXLUYFCQ-UHFFFAOYSA-N"
8762192,"1-(2-Chlorophenyl)-3-(4,5-dihydro-3-furanyl)-1,3-propanedione",250.039673,"C13H11ClO3","O=C(\C1=C\OCC1)CC(=O)c2ccccc2Cl","InChI=1S/C13H11ClO3/c14-11-4-2-1-3-10(11)13(16)7-12(15)9-5-6-17-8-9/h1-4,8H,5-7H2","UGWPVTMEVTXJQF-UHFFFAOYSA-N"
8786091,"Ethyl (2E)-3-(7-chloro-1-benzofuran-2-yl)acrylate",250.039673,"C13H11ClO3","Clc2cccc1c2oc(c1)\C=C\C(=O)OCC","InChI=1S/C13H11ClO3/c1-2-16-12(15)7-6-10-8-9-4-3-5-11(14)13(9)17-10/h3-8H,2H2,1H3/b7-6+","JDMSUPYPHJKODL-VOTSOKGWSA-N"
8786092,"3-Chloro-1,4-dimethoxy-2-naphthaldehyde",250.039673,"C13H11ClO3","O=Cc2c(OC)c1ccccc1c(OC)c2Cl","InChI=1S/C13H11ClO3/c1-16-12-8-5-3-4-6-9(8)13(17-2)11(14)10(12)7-15/h3-7H,1-2H3","VEGCBBUDAUZOFE-UHFFFAOYSA-N"
8833718,"2-(4-Chlorophenyl)-5-(2-hydroxyethyl)-4H-pyran-4-one",250.039673,"C13H11ClO3","Clc2ccc(C=1O/C=C(\C(=O)C=1)CCO)cc2","InChI=1S/C13H11ClO3/c14-11-3-1-9(2-4-11)13-7-12(16)10(5-6-15)8-17-13/h1-4,7-8,15H,5-6H2","HVHZXLRRTCMPJT-UHFFFAOYSA-N"
8857493,"(3aR,7aR)-6-(2-Chlorophenyl)-2,3,3a,7a-tetrahydro-4H-furo[2,3-b]pyran-4-one",250.039673,"C13H11ClO3","Clc3ccccc3C=1O[C@H]2OCC[C@H]2C(=O)C=1","InChI=1S/C13H11ClO3/c14-10-4-2-1-3-8(10)12-7-11(15)9-5-6-16-13(9)17-12/h1-4,7,9,13H,5-6H2/t9-,13+/m0/s1","ZTCZEJHTLDRAPL-TVQRCGJNSA-N"
8904721,"(3aR,7aR)-6-(4-Chlorophenyl)-2,3,3a,7a-tetrahydro-4H-furo[2,3-b]pyran-4-one",250.039673,"C13H11ClO3","Clc3ccc(C=1O[C@H]2OCC[C@H]2C(=O)C=1)cc3","InChI=1S/C13H11ClO3/c14-9-3-1-8(2-4-9)12-7-11(15)10-5-6-16-13(10)17-12/h1-4,7,10,13H,5-6H2/t10-,13+/m0/s1","VDVGWGURNCXDAZ-GXFFZTMASA-N"
8928488,"(1E)-N-(Aminosulfanyl)-2,2,2-trifluoro-1-(4-methoxyphenyl)ethanimine",250.038773,"C9H9F3N2OS","FC(F)(F)C(=N\SN)\c1ccc(OC)cc1","InChI=1S/C9H9F3N2OS/c1-15-7-4-2-6(3-5-7)8(14-16-13)9(10,11)12/h2-5H,13H2,1H3/b14-8+","UYXNLRHUVOUPAV-RIYZIHGNSA-N"
9023620,"(3aR,7aS)-6-(2-Chlorophenyl)-2,3,3a,7a-tetrahydro-4H-furo[2,3-b]pyran-4-one",250.039673,"C13H11ClO3","Clc3ccccc3C=1O[C@@H]2OCC[C@H]2C(=O)C=1","InChI=1S/C13H11ClO3/c14-10-4-2-1-3-8(10)12-7-11(15)9-5-6-16-13(9)17-12/h1-4,7,9,13H,5-6H2/t9-,13-/m0/s1","ZTCZEJHTLDRAPL-ZANVPECISA-N"
9023621,"1-[(3E)-3-(Chloromethylene)-6-hydroxy-2,3-dihydro-1-benzoxepin-7-yl]ethanone",250.039673,"C13H11ClO3","O=C(c1ccc2OCC(/C=C\c2c1O)=[C@H]Cl)C","InChI=1S/C13H11ClO3/c1-8(15)10-4-5-12-11(13(10)16)3-2-9(6-14)7-17-12/h2-6,16H,7H2,1H3","VJBAYCOWPLRVFA-UHFFFAOYSA-N"
9033201,"2-Chloro-3-oxo-1-cyclohexen-1-yl benzoate",250.039673,"C13H11ClO3","Cl/C2=C(\OC(=O)c1ccccc1)CCCC2=O","InChI=1S/C13H11ClO3/c14-12-10(15)7-4-8-11(12)17-13(16)9-5-2-1-3-6-9/h1-3,5-6H,4,7-8H2","OLQYVKXSHMRADZ-UHFFFAOYSA-N"
9054813,"Methyl (3Z)-3-(chloromethylene)-2,3-dihydro-1-benzoxepine-7-carboxylate",250.039673,"C13H11ClO3","O=C(OC)c2ccc1OCC(/C=C\c1c2)=[C@H]Cl","InChI=1S/C13H11ClO3/c1-16-13(15)11-4-5-12-10(6-11)3-2-9(7-14)8-17-12/h2-7H,8H2,1H3","PXVCMOXMOGSJLC-UHFFFAOYSA-N"
9218352,"(5aS,9aS)-2-Chloro-5a,8,9,9a-tetrahydrodibenzo[b,d]furan-4-carboxylic acid",250.039673,"C13H11ClO3","O=C(O)c2c1O[C@H]3/C=C\CC[C@H]3c1cc(Cl)c2","InChI=1S/C13H11ClO3/c14-7-5-9-8-3-1-2-4-11(8)17-12(9)10(6-7)13(15)16/h2,4-6,8,11H,1,3H2,(H,15,16)/t8-,11-/m0/s1","XLMXCEWOFVZPFM-KWQFWETISA-N"
9261348,"{[(1E)-3-Bromo-1-propen-1-yl]oxy}(dimethyl)(2-methyl-2-propanyl)silane",250.038849,"C9H19BrOSi","CC(C)(C)[Si](C)(C)OC=CCBr","InChI=1S/C9H19BrOSi/c1-9(2,3)12(4,5)11-8-6-7-10/h6,8H,7H2,1-5H3","UIOBOXCAXGVFDV-UHFFFAOYSA-N"
9440228,"[(2-Bromo-2-propen-1-yl)oxy](dimethyl)(2-methyl-2-propanyl)silane",250.038849,"C9H19BrOSi","Br/C(=C)CO[Si](C(C)(C)C)(C)C","InChI=1S/C9H19BrOSi/c1-8(10)7-11-12(5,6)9(2,3)4/h1,7H2,2-6H3","WWDAUNBDJWTZNX-UHFFFAOYSA-N"
9451772,"Methyl (3E)-3-(chloromethylene)-2,3-dihydro-1-benzoxepine-7-carboxylate",250.039673,"C13H11ClO3","O=C(OC)c2ccc1OCC(/C=C\c1c2)=[C@H]Cl","InChI=1S/C13H11ClO3/c1-16-13(15)11-4-5-12-10(6-11)3-2-9(7-14)8-17-12/h2-7H,8H2,1H3","PXVCMOXMOGSJLC-UHFFFAOYSA-N"
9497643,"(1E)-1-Bromo-3-ethyl-1-(methylsulfanyl)-1-heptene",250.039078,"C10H19BrS","Br/C(SC)=C/C(CCCC)CC","InChI=1S/C10H19BrS/c1-4-6-7-9(5-2)8-10(11)12-3/h8-9H,4-7H2,1-3H3/b10-8-","HNEPXJGVBNNLRN-NTMALXAHSA-N"
9600090,"O-Methyl 2-[3-(trifluoromethyl)phenyl]hydrazinecarbothioate",250.038773,"C9H9F3N2OS","FC(F)(F)c1cc(NNC(=S)OC)ccc1","InChI=1S/C9H9F3N2OS/c1-15-8(16)14-13-7-4-2-3-6(5-7)9(10,11)12/h2-5,13H,1H3,(H,14,16)","TYJIKFUPPRSVED-UHFFFAOYSA-N"
9634219,"3-Bromo-1-[dimethyl(2-methyl-2-propanyl)silyl]-1-propanone",250.038849,"C9H19BrOSi","O=C(CCBr)[Si](C(C)(C)C)(C)C","InChI=1S/C9H19BrOSi/c1-9(2,3)12(4,5)8(11)6-7-10/h6-7H2,1-5H3","VDTRDXMBRJBZBO-UHFFFAOYSA-N"
9645545,"3-Acetyl-1-(4-chlorophenyl)-2-pentene-1,4-dione",250.039673,"C13H11ClO3","O=C(c1ccc(Cl)cc1)\C=C(/C(=O)C)C(=O)C","InChI=1S/C13H11ClO3/c1-8(15)12(9(2)16)7-13(17)10-3-5-11(14)6-4-10/h3-7H,1-2H3","MUPDMAJBFRJIQO-UHFFFAOYSA-N"
9703714,"(3Z)-3-[5-(Chloromethyl)dihydro-2(3H)-furanylidene]-1-benzofuran-2(3H)-one",250.039673,"C13H11ClO3","ClCC3O/C(=C1/c2ccccc2OC1=O)CC3","InChI=1S/C13H11ClO3/c14-7-8-5-6-11(16-8)12-9-3-1-2-4-10(9)17-13(12)15/h1-4,8H,5-7H2/b12-11-","WMHMDAYCYJTXJO-QXMHVHEDSA-N"
9718122,"2-(2-Naphthyloxy)ethyl carbonochloridate",250.039673,"C13H11ClO3","ClC(=O)OCCOc2ccc1c(cccc1)c2","InChI=1S/C13H11ClO3/c14-13(15)17-8-7-16-12-6-5-10-3-1-2-4-11(10)9-12/h1-6,9H,7-8H2","XHQIKEYXCDXNNL-UHFFFAOYSA-N"
9790517,"1-(5-Chloro-3,6-dihydroxytricyclo[6.2.1.0~2,7~]undeca-2,4,6,9-tetraen-4-yl)ethanone",250.039673,"C13H11ClO3","Clc1c(c(O)c2c(c1O)C3\C=C/C2C3)C(=O)C","InChI=1S/C13H11ClO3/c1-5(15)8-11(14)13(17)10-7-3-2-6(4-7)9(10)12(8)16/h2-3,6-7,16-17H,4H2,1H3","WUGIXWWFEQGBCR-UHFFFAOYSA-N"
9890499,"(3E)-3-[5-(Chloromethyl)dihydro-2(3H)-furanylidene]-1-benzofuran-2(3H)-one",250.039673,"C13H11ClO3","ClCC3O\C(=C1/c2ccccc2OC1=O)CC3","InChI=1S/C13H11ClO3/c14-7-8-5-6-11(16-8)12-9-3-1-2-4-10(9)17-13(12)15/h1-4,8H,5-7H2/b12-11+","WMHMDAYCYJTXJO-VAWYXSNFSA-N"
10440036,"Phenyl 5-fluoro-2,6-dioxo-3,6-dihydro-1(2H)-pyrimidinecarboxylate",250.038986,"C11H7FN2O4","C1=CC=C(C=C1)OC(=O)N2C(=O)C(=CNC2=O)F","InChI=1S/C11H7FN2O4/c12-8-6-13-10(16)14(9(8)15)11(17)18-7-4-2-1-3-5-7/h1-6H,(H,13,16)","OKVXWLFRHOXZPA-UHFFFAOYSA-N"
10542699,"[3-(4-Fluorobenzoyl)-1,2,4-oxadiazol-5-yl]acetic acid",250.038986,"C11H7FN2O4","O=C(c1nc(CC(O)=O)on1)c2ccc(F)cc2","InChI=1S/C11H7FN2O4/c12-7-3-1-6(2-4-7)10(17)11-13-8(18-14-11)5-9(15)16/h1-4H,5H2,(H,15,16)","AWLMXIQUZHJPPI-UHFFFAOYSA-N"
10560809,"3-[5-(2-Chlorophenyl)-2-furyl]propanoic acid",250.039673,"C13H11ClO3","O=C(O)CCc1ccc(o1)c2ccccc2Cl","InChI=1S/C13H11ClO3/c14-11-4-2-1-3-10(11)12-7-5-9(17-12)6-8-13(15)16/h1-5,7H,6,8H2,(H,15,16)","GZJKVQGICNQLGL-UHFFFAOYSA-N"
10560810,"3-[5-(3-Chlorophenyl)-2-furyl]propanoic acid",250.039673,"C13H11ClO3","O=C(O)CCc1ccc(o1)c2cccc(Cl)c2","InChI=1S/C13H11ClO3/c14-10-3-1-2-9(8-10)12-6-4-11(17-12)5-7-13(15)16/h1-4,6,8H,5,7H2,(H,15,16)","WPZPJQYONIABFT-UHFFFAOYSA-N"
11860549,"3-[(4-Chloro-1-naphthyl)oxy]propanoic acid",250.039673,"C13H11ClO3","c1ccc2c(c1)c(ccc2Cl)OCCC(=O)O","InChI=1S/C13H11ClO3/c14-11-5-6-12(17-8-7-13(15)16)10-4-2-1-3-9(10)11/h1-6H,7-8H2,(H,15,16)","YCGZNTLUUPOWMU-UHFFFAOYSA-N"
12999982,"2-(3-Chloropropyl)-3-hydroxy-1,4-naphthoquinone",250.039673,"C13H11ClO3","c1ccc2c(c1)C(=O)C(=C(C2=O)O)CCCCl","InChI=1S/C13H11ClO3/c14-7-3-6-10-11(15)8-4-1-2-5-9(8)12(16)13(10)17/h1-2,4-5,17H,3,6-7H2","UNESMTJFVWTKIW-UHFFFAOYSA-N"
21790509,"Methyl [5-(4-chlorophenyl)-2-furyl]acetate",250.039673,"C13H11ClO3","COC(=O)Cc1ccc(o1)c2ccc(cc2)Cl","InChI=1S/C13H11ClO3/c1-16-13(15)8-11-6-7-12(17-11)9-2-4-10(14)5-3-9/h2-7H,8H2,1H3","SPLHJFSITONDMI-UHFFFAOYSA-N"
23077873,"Ethyl 6-chloro-4-hydroxy-2-naphthoate",250.039673,"C13H11ClO3","CCOC(=O)c1cc2ccc(cc2c(c1)O)Cl","InChI=1S/C13H11ClO3/c1-2-17-13(16)9-5-8-3-4-10(14)7-11(8)12(15)6-9/h3-7,15H,2H2,1H3","WOARMQBMOMSYHR-UHFFFAOYSA-N"
23077949,"Methyl 8-chloro-4-methoxy-2-naphthoate",250.039673,"C13H11ClO3","COc1cc(cc2c1cccc2Cl)C(=O)OC","InChI=1S/C13H11ClO3/c1-16-12-7-8(13(15)17-2)6-10-9(12)4-3-5-11(10)14/h3-7H,1-2H3","MBYKWDICBROZQO-UHFFFAOYSA-N"
23077950,"Methyl 6-chloro-4-methoxy-2-naphthoate",250.039673,"C13H11ClO3","COc1cc(cc2c1cc(cc2)Cl)C(=O)OC","InChI=1S/C13H11ClO3/c1-16-12-6-9(13(15)17-2)5-8-3-4-10(14)7-11(8)12/h3-7H,1-2H3","ULLNYDPZUGCLQT-UHFFFAOYSA-N"
23164479,"2-[(2-Chlorophenyl)(hydroxy)methylene]-1,3-cyclohexanedione",250.039673,"C13H11ClO3","c1ccc(c(c1)C(=C2C(=O)CCCC2=O)O)Cl","InChI=1S/C13H11ClO3/c14-9-5-2-1-4-8(9)13(17)12-10(15)6-3-7-11(12)16/h1-2,4-5,17H,3,6-7H2","ZNPURVOKYHOMBC-UHFFFAOYSA-N"
23238577,"2-(2-Chlorobenzoyl)-1,3-cyclohexanedione",250.039673,"C13H11ClO3","c1ccc(c(c1)C(=O)C2C(=O)CCCC2=O)Cl","InChI=1S/C13H11ClO3/c14-9-5-2-1-4-8(9)13(17)12-10(15)6-3-7-11(12)16/h1-2,4-5,12H,3,6-7H2","TYJXBELAFWQDPT-UHFFFAOYSA-N"
23264170,"[5-(2-Chlorobenzyl)-2-furyl]acetic acid",250.039673,"C13H11ClO3","c1ccc(c(c1)Cc2ccc(o2)CC(=O)O)Cl","InChI=1S/C13H11ClO3/c14-12-4-2-1-3-9(12)7-10-5-6-11(17-10)8-13(15)16/h1-6H,7-8H2,(H,15,16)","CNGZMOXSYGLTNS-UHFFFAOYSA-N"
23301291,"5-Chloro-8-ethoxy-6-methyl-1,4-naphthoquinone",250.039673,"C13H11ClO3","CCOc1cc(c(c2c1C(=O)C=CC2=O)Cl)C","InChI=1S/C13H11ClO3/c1-3-17-10-6-7(2)13(14)12-9(16)5-4-8(15)11(10)12/h4-6H,3H2,1-2H3","ASMYVNFTMRRXSJ-UHFFFAOYSA-N"
23301292,"8-Chloro-5-ethoxy-6-methyl-1,4-naphthoquinone",250.039673,"C13H11ClO3","CCOc1c(cc(c2c1C(=O)C=CC2=O)Cl)C","InChI=1S/C13H11ClO3/c1-3-17-13-7(2)6-8(14)11-9(15)4-5-10(16)12(11)13/h4-6H,3H2,1-2H3","VVDHBGZMNUGQGR-UHFFFAOYSA-N"
23376052,"1-(4-Fluorophenyl)-4-hydroxy-6-oxo-1,6-dihydro-3-pyridazinecarboxylic acid",250.038986,"C11H7FN2O4","c1cc(ccc1n2c(=O)cc(c(n2)C(=O)O)O)F","InChI=1S/C11H7FN2O4/c12-6-1-3-7(4-2-6)14-9(16)5-8(15)10(13-14)11(17)18/h1-5,15H,(H,17,18)","DUQRMDICQHLSSL-UHFFFAOYSA-N"
23376053,"3-(4-Fluorophenyl)-2,4-dioxo-1,2,3,4-tetrahydro-5-pyrimidinecarboxylic acid",250.038986,"C11H7FN2O4","c1cc(ccc1n2c(=O)c(c[nH]c2=O)C(=O)O)F","InChI=1S/C11H7FN2O4/c12-6-1-3-7(4-2-6)14-9(15)8(10(16)17)5-13-11(14)18/h1-5H,(H,13,18)(H,16,17)","JTZSVYCKAYMNCT-UHFFFAOYSA-N"
24794260,"Methyl 4-chloro-3-methoxy-2-naphthoate",250.039673,"C13H11ClO3","COc1c(cc2ccccc2c1Cl)C(=O)OC","InChI=1S/C13H11ClO3/c1-16-12-10(13(15)17-2)7-8-5-3-4-6-9(8)11(12)14/h3-7H,1-2H3","DHQKIVVZURDUER-UHFFFAOYSA-N"
24795788,"Ethyl 5-(3-chlorophenyl)-2-furoate",250.039673,"C13H11ClO3","CCOC(=O)c1ccc(o1)c2cccc(c2)Cl","InChI=1S/C13H11ClO3/c1-2-16-13(15)12-7-6-11(17-12)9-4-3-5-10(14)8-9/h3-8H,2H2,1H3","PBCSGPCJKCTTTE-UHFFFAOYSA-N"
24801467,"Methyl 5-(4-chloro-2-methylphenyl)-2-furoate",250.039673,"C13H11ClO3","Cc1cc(ccc1c2ccc(o2)C(=O)OC)Cl","InChI=1S/C13H11ClO3/c1-8-7-9(14)3-4-10(8)11-5-6-12(17-11)13(15)16-2/h3-7H,1-2H3","WKMDHINQCHNREH-UHFFFAOYSA-N"
25083519,"2-[(2-Fluorobenzoyl)amino]-1,3-oxazole-4-carboxylic acid",250.038986,"C11H7FN2O4","c1ccc(c(c1)C(=O)Nc2nc(co2)C(=O)O)F","InChI=1S/C11H7FN2O4/c12-7-4-2-1-3-6(7)9(15)14-11-13-8(5-18-11)10(16)17/h1-5H,(H,16,17)(H,13,14,15)","RQCMYPQXLSXUBF-UHFFFAOYSA-N"
25083520,"2-[(3-Fluorobenzoyl)amino]-1,3-oxazole-4-carboxylic acid",250.038986,"C11H7FN2O4","c1cc(cc(c1)F)C(=O)Nc2nc(co2)C(=O)O","InChI=1S/C11H7FN2O4/c12-7-3-1-2-6(4-7)9(15)14-11-13-8(5-18-11)10(16)17/h1-5H,(H,16,17)(H,13,14,15)","HJUKQMQOFFEDFT-UHFFFAOYSA-N"
26058603,"3-Methyl-N-[4-(trifluoromethyl)-1,3-thiazol-2-yl]-2-butenamide",250.038773,"C9H9F3N2OS","CC(=CC(=O)Nc1nc(cs1)C(F)(F)F)C","InChI=1S/C9H9F3N2OS/c1-5(2)3-7(15)14-8-13-6(4-16-8)9(10,11)12/h3-4H,1-2H3,(H,13,14,15)","KSBARHBLGNUWRP-UHFFFAOYSA-N"
26085555,"N-{2-[(Trifluoromethyl)sulfanyl]ethyl}-2-pyridinecarboxamide",250.038773,"C9H9F3N2OS","c1ccnc(c1)C(=O)NCCSC(F)(F)F","InChI=1S/C9H9F3N2OS/c10-9(11,12)16-6-5-14-8(15)7-3-1-2-4-13-7/h1-4H,5-6H2,(H,14,15)","HSKMBUYQZGMTTA-UHFFFAOYSA-N"
26186681,"(2E)-3-(2-Methyl-1,3-thiazol-4-yl)-N-(2,2,2-trifluoroethyl)acrylamide",250.038773,"C9H9F3N2OS","Cc1nc(cs1)/C=C/C(=O)NCC(F)(F)F","InChI=1S/C9H9F3N2OS/c1-6-14-7(4-16-6)2-3-8(15)13-5-9(10,11)12/h2-4H,5H2,1H3,(H,13,15)/b3-2+","HGJBCJSZPSSEBL-NSCUHMNNSA-N"
26282614,"Ethyl 5-(4-chlorophenyl)-2-furoate",250.039673,"C13H11ClO3","CCOC(=O)c1ccc(o1)c2ccc(cc2)Cl","InChI=1S/C13H11ClO3/c1-2-16-13(15)12-8-7-11(17-12)9-3-5-10(14)6-4-9/h3-8H,2H2,1H3","QLWPDJNRQNVNAT-UHFFFAOYSA-N"
26286341,"3-(3-Fluorophenyl)-2,4-dioxo-1,2,3,4-tetrahydro-5-pyrimidinecarboxylic acid",250.038986,"C11H7FN2O4","c1cc(cc(c1)F)n2c(=O)c(c[nH]c2=O)C(=O)O","InChI=1S/C11H7FN2O4/c12-6-2-1-3-7(4-6)14-9(15)8(10(16)17)5-13-11(14)18/h1-5H,(H,13,18)(H,16,17)","CYENZUTWHDQEDD-UHFFFAOYSA-N"
26346607,"5-[(3-Chlorobenzyl)oxy]-1,3-benzenediol",250.039673,"C13H11ClO3","c1cc(cc(c1)Cl)COc2cc(cc(c2)O)O","InChI=1S/C13H11ClO3/c14-10-3-1-2-9(4-10)8-17-13-6-11(15)5-12(16)7-13/h1-7,15-16H,8H2","KKVVIWDTGHAWJW-UHFFFAOYSA-N"
26364427,"2-(3-Fluorophenyl)-1H-imidazole-4,5-dicarboxylic acid",250.038986,"C11H7FN2O4","c1cc(cc(c1)F)c2[nH]c(c(n2)C(=O)O)C(=O)O","InChI=1S/C11H7FN2O4/c12-6-3-1-2-5(4-6)9-13-7(10(15)16)8(14-9)11(17)18/h1-4H,(H,13,14)(H,15,16)(H,17,18)","NHZNPJYDBNMLLJ-UHFFFAOYSA-N"
26530875,"6-Chloro-3'-methoxy-3,4'-biphenyldiol",250.039673,"C13H11ClO3","COc1cc(ccc1O)c2cc(ccc2Cl)OCOC1=C(C=CC(=C1)C2=C(C=CC(=C2)O)Cl)O","InChI=1S/C26H20Cl2O6/c1-32-25-10-15(2-8-23(25)30)20-13-18(5-7-22(20)28)33-14-34-26-11-16(3-9-24(26)31)19-12-17(29)4-6-21(19)27/h2-13,29-31H,14H2,1H3","PZQWKOWRHOGNKD-UHFFFAOYSA-N"
26536454,"6'-Chloro-4-methoxy-3,3'-biphenyldiol",250.039673,"C13H11ClO3","COc1ccc(cc1O)c2cc(ccc2Cl)OCOC1=C(C=C(C=C1)C2=C(C=CC(=C2)O)Cl)O","InChI=1S/C26H20Cl2O6/c1-32-25-8-2-16(10-23(25)30)20-13-18(5-7-22(20)28)33-14-34-26-9-3-15(11-24(26)31)19-12-17(29)4-6-21(19)27/h2-13,29-31H,14H2,1H3","SPKAUFFRRIKCEQ-UHFFFAOYSA-N"
27272268,"1-(3-Fluorophenyl)-4-hydroxy-6-oxo-1,6-dihydro-3-pyridazinecarboxylic acid",250.038986,"C11H7FN2O4","c1cc(cc(c1)F)n2c(=O)cc(c(n2)C(=O)O)O","InChI=1S/C11H7FN2O4/c12-6-2-1-3-7(4-6)14-9(16)5-8(15)10(13-14)11(17)18/h1-5,15H,(H,17,18)","DQFHGWGYSJFRHZ-UHFFFAOYSA-N"
27450768,"(2E)-3-(4-Chloro-6-methyl-2H-chromen-3-yl)acrylic acid",250.039673,"C13H11ClO3","Cc1ccc2c(c1)C(=C(CO2)/C=C/C(=O)O)Cl","InChI=1S/C13H11ClO3/c1-8-2-4-11-10(6-8)13(14)9(7-17-11)3-5-12(15)16/h2-6H,7H2,1H3,(H,15,16)/b5-3+","ONMRUFYZPNZTKO-HWKANZROSA-N"
28595243,"Ethyl 3-chloro-8-hydroxy-2-naphthoate",250.039673,"C13H11ClO3","CCOC(=O)c1cc2c(cccc2O)cc1Cl","InChI=1S/C13H11ClO3/c1-2-17-13(16)10-7-9-8(6-11(10)14)4-3-5-12(9)15/h3-7,15H,2H2,1H3","LCHIKVQGOGLGPS-UHFFFAOYSA-N"
28595254,"Ethyl 3-chloro-5-hydroxy-2-naphthoate",250.039673,"C13H11ClO3","CCOC(=O)c1cc2cccc(c2cc1Cl)O","InChI=1S/C13H11ClO3/c1-2-17-13(16)10-6-8-4-3-5-12(15)9(8)7-11(10)14/h3-7,15H,2H2,1H3","FZYUGQLGYPZCEQ-UHFFFAOYSA-N"
28596879,"2-(4-Chloro-2-methylphenoxy)-1-(2-furyl)ethanone",250.039673,"C13H11ClO3","Cc1cc(ccc1OCC(=O)c2ccco2)Cl","InChI=1S/C13H11ClO3/c1-9-7-10(14)4-5-12(9)17-8-11(15)13-3-2-6-16-13/h2-7H,8H2,1H3","WYARNXWPYLQFQS-UHFFFAOYSA-N"
28596930,"2-(4-Chloro-3-methylphenoxy)-1-(2-furyl)ethanone",250.039673,"C13H11ClO3","Cc1cc(ccc1Cl)OCC(=O)c2ccco2","InChI=1S/C13H11ClO3/c1-9-7-10(4-5-11(9)14)17-8-12(15)13-3-2-6-16-13/h2-7H,8H2,1H3","MWQGOBMMCCSSGW-UHFFFAOYSA-N"
28682511,"3-(3-Chloro-5-oxo-1,3-pentadien-1-yl)-4-methoxybenzaldehyde",250.039673,"C13H11ClO3","COc1ccc(cc1C=CC(=CC=O)Cl)C=O","InChI=1S/C13H11ClO3/c1-17-13-5-2-10(9-16)8-11(13)3-4-12(14)6-7-15/h2-9H,1H3","RGRRSUBFEOQPEV-UHFFFAOYSA-N"
28707338,"3-Bromo-2-methyl-4-[(2-methyl-2-propanyl)sulfanyl]-2-pentene",250.039078,"C10H19BrS","CC(C(=C(C)C)Br)SC(C)(C)C","InChI=1S/C10H19BrS/c1-7(2)9(11)8(3)12-10(4,5)6/h8H,1-6H3","UDXSEOZZDLSCGU-UHFFFAOYSA-N"
28711160,"2-Bromo-1-(trimethylsilyl)-1-hexanone",250.038849,"C9H19BrOSi","CCCCC(C(=O)[Si](C)(C)C)Br","InChI=1S/C9H19BrOSi/c1-5-6-7-8(10)9(11)12(2,3)4/h8H,5-7H2,1-4H3","PHAWERBGVXFRDO-UHFFFAOYSA-N"
28717023,"[Methyl(diphenyl)germyl]lithium",250.03891,"C13H13GeLi","[Li][Ge](C)(c1ccccc1)c2ccccc2","InChI=1S/C13H13Ge.Li/c1-14(12-8-4-2-5-9-12)13-10-6-3-7-11-13;/h2-11H,1H3;","FPNANPWDEMDYIO-UHFFFAOYSA-N"
29279515,"2-(2-Chloro-5-methylphenoxy)-1-(2-furyl)ethanone",250.039673,"C13H11ClO3","Cc1ccc(c(c1)OCC(=O)c2ccco2)Cl","InChI=1S/C13H11ClO3/c1-9-4-5-10(14)13(7-9)17-8-11(15)12-3-2-6-16-12/h2-7H,8H2,1H3","IABPACCNUHHYLQ-UHFFFAOYSA-N"
30182744,"1-{2-[(2,2-Difluoroethyl)sulfanyl]-5-fluorophenyl}urea",250.038773,"C9H9F3N2OS","c1cc(c(cc1F)NC(=O)N)SCC(F)F","InChI=1S/C9H9F3N2OS/c10-5-1-2-7(16-4-8(11)12)6(3-5)14-9(13)15/h1-3,8H,4H2,(H3,13,14,15)","PNCAVENXRORIOI-UHFFFAOYSA-N"
30550522,"2-(2-Pyridinylsulfanyl)-N-(2,2,2-trifluoroethyl)acetamide",250.038773,"C9H9F3N2OS","c1ccnc(c1)SCC(=O)NCC(F)(F)F","InChI=1S/C9H9F3N2OS/c10-9(11,12)6-14-7(15)5-16-8-3-1-2-4-13-8/h1-4H,5-6H2,(H,14,15)","DSQDKGRWIKGBOE-UHFFFAOYSA-N"
30647943,"[2,3-Dimethyl-6-(trifluoromethyl)imidazo[2,1-b][1,3]thiazol-5-yl]methanol",250.038773,"C9H9F3N2OS","Cc1c(sc2n1c(c(n2)C(F)(F)F)CO)C","InChI=1S/C9H9F3N2OS/c1-4-5(2)16-8-13-7(9(10,11)12)6(3-15)14(4)8/h15H,3H2,1-2H3","SEEWNEBNKJGBBI-UHFFFAOYSA-N"
30690252,"3-(3-Chloropropyl)-1,2,4(3H)-naphthalenetrione",250.039673,"C13H11ClO3","c1ccc2c(c1)C(=O)C(C(=O)C2=O)CCCCl","InChI=1S/C13H11ClO3/c14-7-3-6-10-11(15)8-4-1-2-5-9(8)12(16)13(10)17/h1-2,4-5,10H,3,6-7H2","FOIQUFDCIZVOPA-UHFFFAOYSA-N"
30782695,"(4-Chloro-4,5-dihydroxy-1,5-cyclohexadien-1-yl)(phenyl)methanone",250.039673,"C13H11ClO3","c1ccc(cc1)C(=O)C2=CCC(C(=C2)O)(O)Cl","InChI=1S/C13H11ClO3/c14-13(17)7-6-10(8-11(13)15)12(16)9-4-2-1-3-5-9/h1-6,8,15,17H,7H2","NPLHMXHKOMIIPH-UHFFFAOYSA-N"
30790005,"5-[(2-Chlorobenzyl)oxy]-2-methyl-4H-pyran-4-one",250.039673,"C13H11ClO3","Cc1cc(=O)c(co1)OCc2ccccc2Cl","InChI=1S/C13H11ClO3/c1-9-6-12(15)13(8-16-9)17-7-10-4-2-3-5-11(10)14/h2-6,8H,7H2,1H3","VGIWXIINSNOUIM-UHFFFAOYSA-N"
30790006,"5-[(3-Chlorobenzyl)oxy]-2-methyl-4H-pyran-4-one",250.039673,"C13H11ClO3","Cc1cc(=O)c(co1)OCc2cccc(c2)Cl","InChI=1S/C13H11ClO3/c1-9-5-12(15)13(8-16-9)17-7-10-3-2-4-11(14)6-10/h2-6,8H,7H2,1H3","RGWIPFYBVVHDHI-UHFFFAOYSA-N"
30790007,"5-[(4-Chlorobenzyl)oxy]-2-methyl-4H-pyran-4-one",250.039673,"C13H11ClO3","Cc1cc(=O)c(co1)OCc2ccc(cc2)Cl","InChI=1S/C13H11ClO3/c1-9-6-12(15)13(8-16-9)17-7-10-2-4-11(14)5-3-10/h2-6,8H,7H2,1H3","YVCYCJRUPCBGPB-UHFFFAOYSA-N"
30833478,"3-Biphenylyl dihydrogen phosphate",250.03949,"C12H11O4P","c1ccc(cc1)c2cccc(c2)OP(=O)(O)O","InChI=1S/C12H11O4P/c13-17(14,15)16-12-8-4-7-11(9-12)10-5-2-1-3-6-10/h1-9H,(H2,13,14,15)","NNEQNTSPBOJNEC-UHFFFAOYSA-N"
30847312,"1-[2-Methoxy-5-(trifluoromethyl)phenyl]thiourea",250.038773,"C9H9F3N2OS","COc1ccc(cc1NC(=S)N)C(F)(F)F","InChI=1S/C9H9F3N2OS/c1-15-7-3-2-5(9(10,11)12)4-6(7)14-8(13)16/h2-4H,1H3,(H3,13,14,16)","HKNBSBQMZIDUTD-UHFFFAOYSA-N"
30999494,"3-(2,4-Dioxo-1,2,3,4-tetrahydro-5-pyrimidinyl)-5-fluorobenzoic acid",250.038986,"C11H7FN2O4","c1c(cc(cc1C(=O)O)F)c2cnc(nc2O)O","InChI=1S/C11H7FN2O4/c12-7-2-5(1-6(3-7)10(16)17)8-4-13-11(18)14-9(8)15/h1-4H,(H,16,17)(H2,13,14,15,18)","YDVQNGRZRQZEOX-UHFFFAOYSA-N"
30999495,"4-(2,4-Dioxo-1,2,3,4-tetrahydro-5-pyrimidinyl)-2-fluorobenzoic acid",250.038986,"C11H7FN2O4","c1cc(c(cc1c2cnc(nc2O)O)F)C(=O)O","InChI=1S/C11H7FN2O4/c12-8-3-5(1-2-6(8)10(16)17)7-4-13-11(18)14-9(7)15/h1-4H,(H,16,17)(H2,13,14,15,18)","MZQUDXOSEYEQTR-UHFFFAOYSA-N"
30999497,"3-(2,4-Dioxo-1,2,3,4-tetrahydro-5-pyrimidinyl)-4-fluorobenzoic acid",250.038986,"C11H7FN2O4","c1cc(c(cc1C(=O)O)c2cnc(nc2O)O)F","InChI=1S/C11H7FN2O4/c12-8-2-1-5(10(16)17)3-6(8)7-4-13-11(18)14-9(7)15/h1-4H,(H,16,17)(H2,13,14,15,18)","SMGBRWAYSIAHRC-UHFFFAOYSA-N"
31216666,"2-Chlorophenyl 2,5-dimethyl-3-furoate",250.039673,"C13H11ClO3","Cc1cc(c(o1)C)C(=O)Oc2ccccc2Cl","InChI=1S/C13H11ClO3/c1-8-7-10(9(2)16-8)13(15)17-12-6-4-3-5-11(12)14/h3-7H,1-2H3","WYOVMYNFBWJGIB-UHFFFAOYSA-N"
31306905,"N-Methyl-2-{[5-(trifluoromethyl)-2-pyridinyl]sulfanyl}acetamide",250.038773,"C9H9F3N2OS","CNC(=O)CSc1ccc(cn1)C(F)(F)F","InChI=1S/C9H9F3N2OS/c1-13-7(15)5-16-8-3-2-6(4-14-8)9(10,11)12/h2-4H,5H2,1H3,(H,13,15)","SJCAZZBRMSLRFQ-UHFFFAOYSA-N"
31313392,"2-{[5-(Trifluoromethyl)-2-pyridinyl]sulfanyl}propanamide",250.038773,"C9H9F3N2OS","CC(C(=O)N)Sc1ccc(cn1)C(F)(F)F","InChI=1S/C9H9F3N2OS/c1-5(8(13)15)16-7-3-2-6(4-14-7)9(10,11)12/h2-5H,1H3,(H2,13,15)","YXZMAONOMMUSDA-UHFFFAOYSA-N"
31404817,"4-{[4-(Trifluoromethyl)-2-pyrimidinyl]sulfanyl}-2-butanone",250.038773,"C9H9F3N2OS","CC(=O)CCSc1nccc(n1)C(F)(F)F","InChI=1S/C9H9F3N2OS/c1-6(15)3-5-16-8-13-4-2-7(14-8)9(10,11)12/h2,4H,3,5H2,1H3","SHJLSIGXHJUZHC-UHFFFAOYSA-N"
31509758,"3-{[5-(Trifluoromethyl)-2-pyridinyl]sulfanyl}propanamide",250.038773,"C9H9F3N2OS","c1cc(ncc1C(F)(F)F)SCCC(=O)N","InChI=1S/C9H9F3N2OS/c10-9(11,12)6-1-2-8(14-5-6)16-4-3-7(13)15/h1-2,5H,3-4H2,(H2,13,15)","KBCLBGZATVBSON-UHFFFAOYSA-N"
32129849,"N-(3-Fluoro-4-nitrophenyl)-2-furamide",250.038986,"C11H7FN2O4","c1cc(oc1)C(=O)Nc2ccc(c(c2)F)[N+](=O)[O-]","InChI=1S/C11H7FN2O4/c12-8-6-7(3-4-9(8)14(16)17)13-11(15)10-2-1-5-18-10/h1-6H,(H,13,15)","HEUBNJXVTVPMKW-UHFFFAOYSA-N"
32129850,"N-(5-Fluoro-2-nitrophenyl)-2-furamide",250.038986,"C11H7FN2O4","c1cc(oc1)C(=O)Nc2cc(ccc2[N+](=O)[O-])F","InChI=1S/C11H7FN2O4/c12-7-3-4-9(14(16)17)8(6-7)13-11(15)10-2-1-5-18-10/h1-6H,(H,13,15)","YFJBGLMZUFESLB-UHFFFAOYSA-N"
32136974,"N-(3-Fluoro-4-nitrophenyl)-3-furamide",250.038986,"C11H7FN2O4","c1cc(c(cc1NC(=O)c2ccoc2)F)[N+](=O)[O-]","InChI=1S/C11H7FN2O4/c12-9-5-8(1-2-10(9)14(16)17)13-11(15)7-3-4-18-6-7/h1-6H,(H,13,15)","HQOYZFGSBJZOHB-UHFFFAOYSA-N"
32136975,"N-(5-Fluoro-2-nitrophenyl)-3-furamide",250.038986,"C11H7FN2O4","c1cc(c(cc1F)NC(=O)c2ccoc2)[N+](=O)[O-]","InChI=1S/C11H7FN2O4/c12-8-1-2-10(14(16)17)9(5-8)13-11(15)7-3-4-18-6-7/h1-6H,(H,13,15)","UZGOVAVDUQFBDW-UHFFFAOYSA-N"
32156340,"N-(4-Fluoro-2-nitrophenyl)-2-furamide",250.038986,"C11H7FN2O4","c1cc(oc1)C(=O)Nc2ccc(cc2[N+](=O)[O-])F","InChI=1S/C11H7FN2O4/c12-7-3-4-8(9(6-7)14(16)17)13-11(15)10-2-1-5-18-10/h1-6H,(H,13,15)","JRXCEZQQZROLCV-UHFFFAOYSA-N"
32176040,"1-Pyrrolidinyl[4-(trifluoromethyl)-1,3-thiazol-5-yl]methanone",250.038773,"C9H9F3N2OS","c1nc(c(s1)C(=O)N2CCCC2)C(F)(F)F","InChI=1S/C9H9F3N2OS/c10-9(11,12)7-6(16-5-13-7)8(15)14-3-1-2-4-14/h5H,1-4H2","HTJBNVRNCWVBTP-UHFFFAOYSA-N"
32536658,"N-Cyclopropyl-4-methyl-2-(trifluoromethyl)-1,3-thiazole-5-carboxamide",250.038773,"C9H9F3N2OS","Cc1c(sc(n1)C(F)(F)F)C(=O)NC2CC2","InChI=1S/C9H9F3N2OS/c1-4-6(7(15)14-5-2-3-5)16-8(13-4)9(10,11)12/h5H,2-3H2,1H3,(H,14,15)","FSJGWEBUZQDTOV-UHFFFAOYSA-N"
32536659,"N-Allyl-4-methyl-2-(trifluoromethyl)-1,3-thiazole-5-carboxamide",250.038773,"C9H9F3N2OS","Cc1c(sc(n1)C(F)(F)F)C(=O)NCC=C","InChI=1S/C9H9F3N2OS/c1-3-4-13-7(15)6-5(2)14-8(16-6)9(10,11)12/h3H,1,4H2,2H3,(H,13,15)","YCIFEPQSLMQDIX-UHFFFAOYSA-N"
32858506,"1-(2-Fluoro-5-nitrophenyl)-3-methyl-1H-pyrrole-2,5-dione",250.038986,"C11H7FN2O4","CC1=CC(=O)N(C1=O)c2cc(ccc2F)[N+](=O)[O-]","InChI=1S/C11H7FN2O4/c1-6-4-10(15)13(11(6)16)9-5-7(14(17)18)2-3-8(9)12/h2-5H,1H3","ZVRWBHQNCGPKCO-UHFFFAOYSA-N"
33241238,"4-Fluoro-3-[(1,2-oxazol-5-ylcarbonyl)amino]benzoic acid",250.038986,"C11H7FN2O4","c1cc(c(cc1C(=O)O)NC(=O)c2ccno2)F","InChI=1S/C11H7FN2O4/c12-7-2-1-6(11(16)17)5-8(7)14-10(15)9-3-4-13-18-9/h1-5H,(H,14,15)(H,16,17)","ZNXUGKZXWDDJSL-UHFFFAOYSA-N"
33241378,"2-Fluoro-5-[(1,2-oxazol-5-ylcarbonyl)amino]benzoic acid",250.038986,"C11H7FN2O4","c1cc(c(cc1NC(=O)c2ccno2)C(=O)O)F","InChI=1S/C11H7FN2O4/c12-8-2-1-6(5-7(8)11(16)17)14-10(15)9-3-4-13-18-9/h1-5H,(H,14,15)(H,16,17)","BRKJWJUUOABVEC-UHFFFAOYSA-N"
33276451,"(2E)-3-[2-(3-Butyn-1-yloxy)-5-chlorophenyl]acrylic acid",250.039673,"C13H11ClO3","C#CCCOc1ccc(cc1/C=C/C(=O)O)Cl","InChI=1S/C13H11ClO3/c1-2-3-8-17-12-6-5-11(14)9-10(12)4-7-13(15)16/h1,4-7,9H,3,8H2,(H,15,16)/b7-4+","SKYHAKHDTHLQDM-QPJJXVBHSA-N"
33332147,"(3-Chloro-4-methoxyphenyl)(5-methyl-2-furyl)methanone",250.039673,"C13H11ClO3","Cc1ccc(o1)C(=O)c2ccc(c(c2)Cl)OC","InChI=1S/C13H11ClO3/c1-8-3-5-12(17-8)13(15)9-4-6-11(16-2)10(14)7-9/h3-7H,1-2H3","CTXJHMRDMGMGHW-UHFFFAOYSA-N"
33332150,"(3-Chloro-4-methoxyphenyl)(3-methyl-2-furyl)methanone",250.039673,"C13H11ClO3","Cc1ccoc1C(=O)c2ccc(c(c2)Cl)OC","InChI=1S/C13H11ClO3/c1-8-5-6-17-13(8)12(15)9-3-4-11(16-2)10(14)7-9/h3-7H,1-2H3","HRRZBFXPJSIEQI-UHFFFAOYSA-N"
33332205,"(3-Chloro-4-methoxyphenyl)(2-methyl-3-furyl)methanone",250.039673,"C13H11ClO3","Cc1c(cco1)C(=O)c2ccc(c(c2)Cl)OC","InChI=1S/C13H11ClO3/c1-8-10(5-6-17-8)13(15)9-3-4-12(16-2)11(14)7-9/h3-7H,1-2H3","JMCNKYCSOYHWLL-UHFFFAOYSA-N"
33348469,"(2-Chloro-4-methoxyphenyl)(5-methyl-2-furyl)methanone",250.039673,"C13H11ClO3","Cc1ccc(o1)C(=O)c2ccc(cc2Cl)OC","InChI=1S/C13H11ClO3/c1-8-3-6-12(17-8)13(15)10-5-4-9(16-2)7-11(10)14/h3-7H,1-2H3","DFKGFXIGXJTNAW-UHFFFAOYSA-N"
33348520,"(2-Chloro-4-methoxyphenyl)(3-methyl-2-furyl)methanone",250.039673,"C13H11ClO3","Cc1ccoc1C(=O)c2ccc(cc2Cl)OC","InChI=1S/C13H11ClO3/c1-8-5-6-17-13(8)12(15)10-4-3-9(16-2)7-11(10)14/h3-7H,1-2H3","UZWOESSRGRKNFV-UHFFFAOYSA-N"
33348521,"(2-Chloro-4-methoxyphenyl)(2-methyl-3-furyl)methanone",250.039673,"C13H11ClO3","Cc1c(cco1)C(=O)c2ccc(cc2Cl)OC","InChI=1S/C13H11ClO3/c1-8-10(5-6-17-8)13(15)11-4-3-9(16-2)7-12(11)14/h3-7H,1-2H3","NINSQTXCBGGYNK-UHFFFAOYSA-N"
34209526,"1-(4-Fluorophenyl)-4,6-dioxo-1,4,5,6-tetrahydro-3-pyridazinecarboxylic acid",250.038986,"C11H7FN2O4","c1cc(ccc1N2C(=O)CC(=O)C(=N2)C(=O)O)F","InChI=1S/C11H7FN2O4/c12-6-1-3-7(4-2-6)14-9(16)5-8(15)10(13-14)11(17)18/h1-4H,5H2,(H,17,18)","HTYMKHSFIQOQQY-UHFFFAOYSA-N"
34273106,"Ethyl 2-(4-chlorophenyl)-3-furoate",250.039673,"C13H11ClO3","CCOC(=O)c1ccoc1c2ccc(cc2)Cl","InChI=1S/C13H11ClO3/c1-2-16-13(15)11-7-8-17-12(11)9-3-5-10(14)6-4-9/h3-8H,2H2,1H3","XEJTXDVJGCWXLH-UHFFFAOYSA-N"
34273228,"Ethyl 7-chloro-1-hydroxy-2-naphthoate",250.039673,"C13H11ClO3","CCOC(=O)c1ccc2ccc(cc2c1O)Cl","InChI=1S/C13H11ClO3/c1-2-17-13(16)10-6-4-8-3-5-9(14)7-11(8)12(10)15/h3-7,15H,2H2,1H3","AEBRIGBMIKSJDM-UHFFFAOYSA-N"
34447334,"1-[3-Methoxy-5-(trifluoromethyl)phenyl]thiourea",250.038773,"C9H9F3N2OS","COc1cc(cc(c1)NC(=S)N)C(F)(F)F","InChI=1S/C9H9F3N2OS/c1-15-7-3-5(9(10,11)12)2-6(4-7)14-8(13)16/h2-4H,1H3,(H3,13,14,16)","FQQVEIPMEHWSNB-UHFFFAOYSA-N"
34695716,"1-[3-(Methylsulfanyl)phenyl]-3-(trifluoromethyl)urea",250.038773,"C9H9F3N2OS","CSc1cccc(c1)NC(=O)NC(F)(F)F","InChI=1S/C9H9F3N2OS/c1-16-7-4-2-3-6(5-7)13-8(15)14-9(10,11)12/h2-5H,1H3,(H2,13,14,15)","HOLIUJCFAHNSPU-UHFFFAOYSA-N"
34946312,"Ethyl 7-chloro-3-hydroxy-2-naphthoate",250.039673,"C13H11ClO3","CCOC(=O)c1cc2cc(ccc2cc1O)Cl","InChI=1S/C13H11ClO3/c1-2-17-13(16)11-6-9-5-10(14)4-3-8(9)7-12(11)15/h3-7,15H,2H2,1H3","KUFSGCJONYBXLF-UHFFFAOYSA-N"
35405156,"3-(2-Methyl-1,3-thiazol-4-yl)-N-(2,2,2-trifluoroethyl)acrylamide",250.038773,"C9H9F3N2OS","Cc1nc(cs1)C=CC(=O)NCC(F)(F)F","InChI=1S/C9H9F3N2OS/c1-6-14-7(4-16-6)2-3-8(15)13-5-9(10,11)12/h2-4H,5H2,1H3,(H,13,15)","HGJBCJSZPSSEBL-UHFFFAOYSA-N"
35484831,"(5-Chloro-6-methoxy-2-naphthyl)acetic acid",250.039673,"C13H11ClO3","COc1ccc2cc(ccc2c1Cl)CC(=O)O","InChI=1S/C13H11ClO3/c1-17-11-5-3-9-6-8(7-12(15)16)2-4-10(9)13(11)14/h2-6H,7H2,1H3,(H,15,16)","FBCFYHRCYHMJSP-UHFFFAOYSA-N"
35487618,"2-Sulfanyl-7-(trifluoromethyl)-5,6,7,8-tetrahydro-5-quinazolinol",250.038773,"C9H9F3N2OS","c1c2c(nc(n1)S)CC(CC2O)C(F)(F)F","InChI=1S/C9H9F3N2OS/c10-9(11,12)4-1-6-5(7(15)2-4)3-13-8(16)14-6/h3-4,7,15H,1-2H2,(H,13,14,16)","DAYKDBUEOUKZFD-UHFFFAOYSA-N"
35487856,"6-Fluoro-5-methyl-8-nitro-2-quinolinecarboxylic acid",250.038986,"C11H7FN2O4","Cc1c2ccc(nc2c(cc1F)[N+](=O)[O-])C(=O)O","InChI=1S/C11H7FN2O4/c1-5-6-2-3-8(11(15)16)13-10(6)9(14(17)18)4-7(5)12/h2-4H,1H3,(H,15,16)","YTVXZDWNJSAJRT-UHFFFAOYSA-N"
35487860,"6-Fluoro-7-methyl-8-nitro-2-quinolinecarboxylic acid",250.038986,"C11H7FN2O4","Cc1c(cc2ccc(nc2c1[N+](=O)[O-])C(=O)O)F","InChI=1S/C11H7FN2O4/c1-5-7(12)4-6-2-3-8(11(15)16)13-9(6)10(5)14(17)18/h2-4H,1H3,(H,15,16)","RKUAFSFOZFLXGN-UHFFFAOYSA-N"
35487864,"8-Fluoro-7-methyl-5-nitro-2-quinolinecarboxylic acid",250.038986,"C11H7FN2O4","Cc1cc(c2ccc(nc2c1F)C(=O)O)[N+](=O)[O-]","InChI=1S/C11H7FN2O4/c1-5-4-8(14(17)18)6-2-3-7(11(15)16)13-10(6)9(5)12/h2-4H,1H3,(H,15,16)","FKCGXDONPHLPIG-UHFFFAOYSA-N"
35487867,"6-Fluoro-8-methyl-5-nitro-2-quinolinecarboxylic acid",250.038986,"C11H7FN2O4","Cc1cc(c(c2c1nc(cc2)C(=O)O)[N+](=O)[O-])F","InChI=1S/C11H7FN2O4/c1-5-4-7(12)10(14(17)18)6-2-3-8(11(15)16)13-9(5)6/h2-4H,1H3,(H,15,16)","ZKROSGPLXLWQBG-UHFFFAOYSA-N"
35487871,"8-Fluoro-6-methyl-5-nitro-2-quinolinecarboxylic acid",250.038986,"C11H7FN2O4","Cc1cc(c2c(c1[N+](=O)[O-])ccc(n2)C(=O)O)F","InChI=1S/C11H7FN2O4/c1-5-4-7(12)9-6(10(5)14(17)18)2-3-8(13-9)11(15)16/h2-4H,1H3,(H,15,16)","KVPYYPXLBLNDGM-UHFFFAOYSA-N"
35487901,"6-Fluoro-7-methyl-8-nitro-4-quinolinecarboxylic acid",250.038986,"C11H7FN2O4","Cc1c(cc2c(ccnc2c1[N+](=O)[O-])C(=O)O)F","InChI=1S/C11H7FN2O4/c1-5-8(12)4-7-6(11(15)16)2-3-13-9(7)10(5)14(17)18/h2-4H,1H3,(H,15,16)","NOUYMVXYSDUNQS-UHFFFAOYSA-N"
35503537,"2,7-Dimethoxy-1-naphthoyl chloride",250.039673,"C13H11ClO3","COc1ccc2ccc(c(c2c1)C(=O)Cl)OC","InChI=1S/C13H11ClO3/c1-16-9-5-3-8-4-6-11(17-2)12(13(14)15)10(8)7-9/h3-7H,1-2H3","LAAUKQWQOXIPEC-UHFFFAOYSA-N"
35511478,"2-(1-Pyrrolidinyl)-4-(trifluoromethyl)-1,3-thiazole-5-carbaldehyde",250.038773,"C9H9F3N2OS","C1CCN(C1)c2nc(c(s2)C=O)C(F)(F)F","InChI=1S/C9H9F3N2OS/c10-9(11,12)7-6(5-15)16-8(13-7)14-3-1-2-4-14/h5H,1-4H2","FLEUVPLZCIAIIO-UHFFFAOYSA-N"
35662161,"2-Ethoxy-6-(trifluoromethyl)-3-pyridinecarbothioamide",250.038773,"C9H9F3N2OS","CCOc1c(ccc(n1)C(F)(F)F)C(=S)N","InChI=1S/C9H9F3N2OS/c1-2-15-8-5(7(13)16)3-4-6(14-8)9(10,11)12/h3-4H,2H2,1H3,(H2,13,16)","FLWPAXYYEATPIC-UHFFFAOYSA-N"
35668588,"2-(Ethylsulfanyl)-6-(trifluoromethyl)nicotinamide",250.038773,"C9H9F3N2OS","CCSc1c(ccc(n1)C(F)(F)F)C(=O)N","InChI=1S/C9H9F3N2OS/c1-2-16-8-5(7(13)15)3-4-6(14-8)9(10,11)12/h3-4H,2H2,1H3,(H2,13,15)","XZCUCAVETCHOQA-UHFFFAOYSA-N"
35682895,"1-(4-Fluorophenyl)-2,4-dioxo-1,2,3,4-tetrahydro-5-pyrimidinecarboxylic acid",250.038986,"C11H7FN2O4","c1cc(ccc1n2cc(c(=O)[nH]c2=O)C(=O)O)F","InChI=1S/C11H7FN2O4/c12-6-1-3-7(4-2-6)14-5-8(10(16)17)9(15)13-11(14)18/h1-5H,(H,16,17)(H,13,15,18)","CJYSCBSFKLJIJO-UHFFFAOYSA-N"
35682899,"1-(2-Fluorophenyl)-2,4-dioxo-1,2,3,4-tetrahydro-5-pyrimidinecarboxylic acid",250.038986,"C11H7FN2O4","c1ccc(c(c1)n2cc(c(=O)[nH]c2=O)C(=O)O)F","InChI=1S/C11H7FN2O4/c12-7-3-1-2-4-8(7)14-5-6(10(16)17)9(15)13-11(14)18/h1-5H,(H,16,17)(H,13,15,18)","KMHCFBJSFSKYTF-UHFFFAOYSA-N"
35682927,"1-(3-Fluorophenyl)-2,4-dioxo-1,2,3,4-tetrahydro-5-pyrimidinecarboxylic acid",250.038986,"C11H7FN2O4","c1cc(cc(c1)F)n2cc(c(=O)[nH]c2=O)C(=O)O","InChI=1S/C11H7FN2O4/c12-6-2-1-3-7(4-6)14-5-8(10(16)17)9(15)13-11(14)18/h1-5H,(H,16,17)(H,13,15,18)","NXPRHHLQSGFNRU-UHFFFAOYSA-N"
35766631,"2-[(1-Chloro-2-naphthyl)oxy]propanoic acid",250.039673,"C13H11ClO3","CC(C(=O)O)Oc1ccc2ccccc2c1Cl","InChI=1S/C13H11ClO3/c1-8(13(15)16)17-11-7-6-9-4-2-3-5-10(9)12(11)14/h2-8H,1H3,(H,15,16)","AIVINHFSMZQJFB-UHFFFAOYSA-N"
35774377,"2-Bromo-2-(trimethylsilyl)cyclohexanol",250.038849,"C9H19BrOSi","C[Si](C)(C)C1(CCCCC1O)Br","InChI=1S/C9H19BrOSi/c1-12(2,3)9(10)7-5-4-6-8(9)11/h8,11H,4-7H2,1-3H3","INXGZDNWKJILGE-UHFFFAOYSA-N"
35805784,"3-[(1E,3E)-3-Chloro-5-oxo-1,3-pentadien-1-yl]-4-methoxybenzaldehyde",250.039673,"C13H11ClO3","COc1ccc(cc1/C=C/C(=C\C=O)/Cl)C=O","InChI=1S/C13H11ClO3/c1-17-13-5-2-10(9-16)8-11(13)3-4-12(14)6-7-15/h2-9H,1H3/b4-3+,12-6+","RGRRSUBFEOQPEV-HEPHUNMXSA-N"
36532745,"3-[(3,6-Dichloro-1,2,4-triazin-5-yl)oxy]-N,N-dimethyl-1-propanamine",250.038818,"C8H12Cl2N4O","CN(C)CCCOc1c(nnc(n1)Cl)Cl","InChI=1S/C8H12Cl2N4O/c1-14(2)4-3-5-15-7-6(9)12-13-8(10)11-7/h3-5H2,1-2H3","FOCKDXLWEPUKOL-UHFFFAOYSA-N"
36533032,"3,6-Dichloro-N-(3-ethoxypropyl)-1,2,4-triazin-5-amine",250.038818,"C8H12Cl2N4O","CCOCCCNc1c(nnc(n1)Cl)Cl","InChI=1S/C8H12Cl2N4O/c1-2-15-5-3-4-11-7-6(9)13-14-8(10)12-7/h2-5H2,1H3,(H,11,12,14)","HPTCVJYKOLNRBD-UHFFFAOYSA-N"
36533187,"2-[(3,6-Dichloro-1,2,4-triazin-5-yl)(propyl)amino]ethanol",250.038818,"C8H12Cl2N4O","CCCN(CCO)c1c(nnc(n1)Cl)Cl","InChI=1S/C8H12Cl2N4O/c1-2-3-14(4-5-15)7-6(9)12-13-8(10)11-7/h15H,2-5H2,1H3","RXUDHRMBYRWINZ-UHFFFAOYSA-N"
36533209,"3,6-Dichloro-N-ethyl-N-(2-methoxyethyl)-1,2,4-triazin-5-amine",250.038818,"C8H12Cl2N4O","CCN(CCOC)c1c(nnc(n1)Cl)Cl","InChI=1S/C8H12Cl2N4O/c1-3-14(4-5-15-2)7-6(9)12-13-8(10)11-7/h3-5H2,1-2H3","FUNHZZAAJDDWDY-UHFFFAOYSA-N"
36533214,"3,6-Dichloro-N-(1-methoxy-2-propanyl)-N-methyl-1,2,4-triazin-5-amine",250.038818,"C8H12Cl2N4O","CC(COC)N(C)c1c(nnc(n1)Cl)Cl","InChI=1S/C8H12Cl2N4O/c1-5(4-15-3)14(2)7-6(9)12-13-8(10)11-7/h5H,4H2,1-3H3","UYEUMSQHVMKDQD-UHFFFAOYSA-N"
36533302,"2-[(3,6-Dichloro-1,2,4-triazin-5-yl)(isopropyl)amino]ethanol",250.038818,"C8H12Cl2N4O","CC(C)N(CCO)c1c(nnc(n1)Cl)Cl","InChI=1S/C8H12Cl2N4O/c1-5(2)14(3-4-15)7-6(9)12-13-8(10)11-7/h5,15H,3-4H2,1-2H3","UOLGWZYKAMMBSO-UHFFFAOYSA-N"
36533354,"3,6-Dichloro-N-(4-methoxybutyl)-1,2,4-triazin-5-amine",250.038818,"C8H12Cl2N4O","COCCCCNc1c(nnc(n1)Cl)Cl","InChI=1S/C8H12Cl2N4O/c1-15-5-3-2-4-11-7-6(9)13-14-8(10)12-7/h2-5H2,1H3,(H,11,12,14)","XJAAQLUSXKYZLF-UHFFFAOYSA-N"
36533357,"3,6-Dichloro-N-(1-ethoxy-2-propanyl)-1,2,4-triazin-5-amine",250.038818,"C8H12Cl2N4O","CCOCC(C)Nc1c(nnc(n1)Cl)Cl","InChI=1S/C8H12Cl2N4O/c1-3-15-4-5(2)11-7-6(9)13-14-8(10)12-7/h5H,3-4H2,1-2H3,(H,11,12,14)","WQDIBBWPMWIDBU-UHFFFAOYSA-N"
36533388,"3,6-Dichloro-N-(3-methoxy-2-methylpropyl)-1,2,4-triazin-5-amine",250.038818,"C8H12Cl2N4O","CC(CNc1c(nnc(n1)Cl)Cl)COC","InChI=1S/C8H12Cl2N4O/c1-5(4-15-2)3-11-7-6(9)13-14-8(10)12-7/h5H,3-4H2,1-2H3,(H,11,12,14)","QRQMQGNNAZPLBQ-UHFFFAOYSA-N"
36533481,"3,6-Dichloro-N-(3-methoxypropyl)-N-methyl-1,2,4-triazin-5-amine",250.038818,"C8H12Cl2N4O","CN(CCCOC)c1c(nnc(n1)Cl)Cl","InChI=1S/C8H12Cl2N4O/c1-14(4-3-5-15-2)7-6(9)12-13-8(10)11-7/h3-5H2,1-2H3","OMHVFMCIKPOORE-UHFFFAOYSA-N"
36533594,"3,6-Dichloro-N-(1-methoxy-2-butanyl)-1,2,4-triazin-5-amine",250.038818,"C8H12Cl2N4O","CCC(COC)Nc1c(nnc(n1)Cl)Cl","InChI=1S/C8H12Cl2N4O/c1-3-5(4-15-2)11-7-6(9)13-14-8(10)12-7/h5H,3-4H2,1-2H3,(H,11,12,14)","NLUVBCICOAGVFG-UHFFFAOYSA-N"
36533602,"2-[(3,6-Dichloro-1,2,4-triazin-5-yl)amino]-2-methyl-1-butanol",250.038818,"C8H12Cl2N4O","CCC(C)(CO)Nc1c(nnc(n1)Cl)Cl","InChI=1S/C8H12Cl2N4O/c1-3-8(2,4-15)12-6-5(9)13-14-7(10)11-6/h15H,3-4H2,1-2H3,(H,11,12,14)","UBDBNZHFRJCUAY-UHFFFAOYSA-N"
36533609,"3,6-Dichloro-N-(4-methoxy-2-butanyl)-1,2,4-triazin-5-amine",250.038818,"C8H12Cl2N4O","CC(CCOC)Nc1c(nnc(n1)Cl)Cl","InChI=1S/C8H12Cl2N4O/c1-5(3-4-15-2)11-7-6(9)13-14-8(10)12-7/h5H,3-4H2,1-2H3,(H,11,12,14)","PRMGYXFIPHYBDQ-UHFFFAOYSA-N"
36533626,"1-[(3,6-Dichloro-1,2,4-triazin-5-yl)amino]-2-methyl-2-butanol",250.038818,"C8H12Cl2N4O","CCC(C)(CNc1c(nnc(n1)Cl)Cl)O","InChI=1S/C8H12Cl2N4O/c1-3-8(2,15)4-11-6-5(9)13-14-7(10)12-6/h15H,3-4H2,1-2H3,(H,11,12,14)","WZKZSRMBBMJKBB-UHFFFAOYSA-N"
36533670,"4-[(3,6-Dichloro-1,2,4-triazin-5-yl)amino]-3-methyl-1-butanol",250.038818,"C8H12Cl2N4O","CC(CCO)CNc1c(nnc(n1)Cl)Cl","InChI=1S/C8H12Cl2N4O/c1-5(2-3-15)4-11-7-6(9)13-14-8(10)12-7/h5,15H,2-4H2,1H3,(H,11,12,14)","RUVFZFDARRCPQX-UHFFFAOYSA-N"
36533686,"2-[(3,6-Dichloro-1,2,4-triazin-5-yl)amino]-3-methyl-1-butanol",250.038818,"C8H12Cl2N4O","CC(C)C(CO)Nc1c(nnc(n1)Cl)Cl","InChI=1S/C8H12Cl2N4O/c1-4(2)5(3-15)11-7-6(9)13-14-8(10)12-7/h4-5,15H,3H2,1-2H3,(H,11,12,14)","NRNBYUFUFVMCFG-UHFFFAOYSA-N"
36533687,"(2S)-2-[(3,6-Dichloro-1,2,4-triazin-5-yl)amino]-3-methyl-1-butanol",250.038818,"C8H12Cl2N4O","CC(C)[C@@H](CO)Nc1c(nnc(n1)Cl)Cl","InChI=1S/C8H12Cl2N4O/c1-4(2)5(3-15)11-7-6(9)13-14-8(10)12-7/h4-5,15H,3H2,1-2H3,(H,11,12,14)/t5-/m1/s1","NRNBYUFUFVMCFG-RXMQYKEDSA-N"
36533691,"1-[(3,6-Dichloro-1,2,4-triazin-5-yl)(methyl)amino]-2-methyl-2-propanol",250.038818,"C8H12Cl2N4O","CC(C)(CN(C)c1c(nnc(n1)Cl)Cl)O","InChI=1S/C8H12Cl2N4O/c1-8(2,15)4-14(3)6-5(9)12-13-7(10)11-6/h15H,4H2,1-3H3","MPZCNBXISWHJCN-UHFFFAOYSA-N"
36533724,"4-[(3,6-Dichloro-1,2,4-triazin-5-yl)amino]-1-pentanol",250.038818,"C8H12Cl2N4O","CC(CCCO)Nc1c(nnc(n1)Cl)Cl","InChI=1S/C8H12Cl2N4O/c1-5(3-2-4-15)11-7-6(9)13-14-8(10)12-7/h5,15H,2-4H2,1H3,(H,11,12,14)","MNBXXKBDKIJOMR-UHFFFAOYSA-N"
36556124,"4,6-Dichloro-N-(2-ethoxyethyl)-N-methyl-1,3,5-triazin-2-amine",250.038818,"C8H12Cl2N4O","CCOCCN(C)c1nc(nc(n1)Cl)Cl","InChI=1S/C8H12Cl2N4O/c1-3-15-5-4-14(2)8-12-6(9)11-7(10)13-8/h3-5H2,1-2H3","WXYSQIKWPJSXTL-UHFFFAOYSA-N"
36556172,"3,6-Dichloro-N-(2-ethoxyethyl)-N-methyl-1,2,4-triazin-5-amine",250.038818,"C8H12Cl2N4O","CCOCCN(C)c1c(nnc(n1)Cl)Cl","InChI=1S/C8H12Cl2N4O/c1-3-15-5-4-14(2)7-6(9)12-13-8(10)11-7/h3-5H2,1-2H3","UYLABFHLWORGAD-UHFFFAOYSA-N"
36837873,"4-[(4,6-Dichloro-1,3,5-triazin-2-yl)amino]-1-pentanol",250.038818,"C8H12Cl2N4O","CC(CCCO)Nc1nc(nc(n1)Cl)Cl","InChI=1S/C8H12Cl2N4O/c1-5(3-2-4-15)11-8-13-6(9)12-7(10)14-8/h5,15H,2-4H2,1H3,(H,11,12,13,14)","NKHPPLATGLIGRK-UHFFFAOYSA-N"
37013236,"3-[(1,1,1-Trifluoro-2-propanyl)oxy]-2-pyridinecarbothioamide",250.038773,"C9H9F3N2OS","CC(C(F)(F)F)Oc1cccnc1C(=S)N","InChI=1S/C9H9F3N2OS/c1-5(9(10,11)12)15-6-3-2-4-14-7(6)8(13)16/h2-5H,1H3,(H2,13,16)","QUKJNHKHDLYWCV-UHFFFAOYSA-N"
37019952,"(2Z)-3-Chloro-3-(3-ethyl-1-benzofuran-2-yl)acrylic acid",250.039673,"C13H11ClO3","CCc1c2ccccc2oc1/C(=C/C(=O)O)/Cl","InChI=1S/C13H11ClO3/c1-2-8-9-5-3-4-6-11(9)17-13(8)10(14)7-12(15)16/h3-7H,2H2,1H3,(H,15,16)/b10-7-","WCYCBUKTDSWGFU-YFHOEESVSA-N"
37124049,"3-Fluoro-2-[(1,2-oxazol-3-ylcarbonyl)amino]benzoic acid",250.038986,"C11H7FN2O4","c1cc(c(c(c1)F)NC(=O)c2ccon2)C(=O)O","InChI=1S/C11H7FN2O4/c12-7-3-1-2-6(11(16)17)9(7)13-10(15)8-4-5-18-14-8/h1-5H,(H,13,15)(H,16,17)","WUPILVAACQRZKW-UHFFFAOYSA-N"
37124246,"3-Fluoro-2-[(1,2-oxazol-5-ylcarbonyl)amino]benzoic acid",250.038986,"C11H7FN2O4","c1cc(c(c(c1)F)NC(=O)c2ccno2)C(=O)O","InChI=1S/C11H7FN2O4/c12-7-3-1-2-6(11(16)17)9(7)14-10(15)8-4-5-13-18-8/h1-5H,(H,14,15)(H,16,17)","PMUKQKUTTTZLNG-UHFFFAOYSA-N"
37160293,"N'-Hydroxy-5-(methylsulfanyl)-2-(trifluoromethyl)benzenecarboximidamide",250.038773,"C9H9F3N2OS","CSc1ccc(c(c1)/C(=N/O)/N)C(F)(F)F","InChI=1S/C9H9F3N2OS/c1-16-5-2-3-7(9(10,11)12)6(4-5)8(13)14-15/h2-4,15H,1H3,(H2,13,14)","HWYDZOFHOGZYTK-UHFFFAOYSA-N"
37218888,"4-Methyl-2-(2,2,2-trifluoroethoxy)-3-pyridinecarbothioamide",250.038773,"C9H9F3N2OS","Cc1ccnc(c1C(=S)N)OCC(F)(F)F","InChI=1S/C9H9F3N2OS/c1-5-2-3-14-8(6(5)7(13)16)15-4-9(10,11)12/h2-3H,4H2,1H3,(H2,13,16)","NMXACBNBKCHEKQ-UHFFFAOYSA-N"
37231535,"3-[(1,1,1-Trifluoro-2-propanyl)oxy]-4-pyridinecarbothioamide",250.038773,"C9H9F3N2OS","CC(C(F)(F)F)Oc1cnccc1C(=S)N","InChI=1S/C9H9F3N2OS/c1-5(9(10,11)12)15-7-4-14-3-2-6(7)8(13)16/h2-5H,1H3,(H2,13,16)","BIDOXIYKTYJCBH-UHFFFAOYSA-N"
37258642,"3-[2-Oxo-6-(trifluoromethyl)-1(2H)-pyridinyl]propanethioamide",250.038773,"C9H9F3N2OS","c1cc(n(c(=O)c1)CCC(=S)N)C(F)(F)F","InChI=1S/C9H9F3N2OS/c10-9(11,12)6-2-1-3-8(15)14(6)5-4-7(13)16/h1-3H,4-5H2,(H2,13,16)","CQWMTSPQBHHWRZ-UHFFFAOYSA-N"
37557069,"2,2,2-Trifluoro-1-(5-methyl-4,5,6,7-tetrahydro[1,3]thiazolo[5,4-c]pyridin-2-yl)ethanone",250.038773,"C9H9F3N2OS","CN1CCc2c(sc(n2)C(=O)C(F)(F)F)C1","InChI=1S/C9H9F3N2OS/c1-14-3-2-5-6(4-14)16-8(13-5)7(15)9(10,11)12/h2-4H2,1H3","YZFDVHVPWSNMBP-UHFFFAOYSA-N"
37557080,"2,2,2-Trifluoro-1-(5-methyl-4,5,6,7-tetrahydro[1,3]thiazolo[4,5-c]pyridin-2-yl)ethanone",250.038773,"C9H9F3N2OS","CN1CCc2c(nc(s2)C(=O)C(F)(F)F)C1","InChI=1S/C9H9F3N2OS/c1-14-3-2-6-5(4-14)13-8(16-6)7(15)9(10,11)12/h2-4H2,1H3","QIKRAGXTBILNDJ-UHFFFAOYSA-N"
37558970,"4-Chloro-3-(3-oxo-1-cyclohexen-1-yl)benzoic acid",250.039673,"C13H11ClO3","c1cc(c(cc1C(=O)O)C2=CC(=O)CCC2)Cl","InChI=1S/C13H11ClO3/c14-12-5-4-9(13(16)17)7-11(12)8-2-1-3-10(15)6-8/h4-7H,1-3H2,(H,16,17)","CGGVUSJAMSWNII-UHFFFAOYSA-N"
37563893,"3-(5-Acetyl-2-fluorophenyl)-1,2,4-oxadiazole-5-carboxylic acid",250.038986,"C11H7FN2O4","CC(=O)c1ccc(c(c1)c2nc(on2)C(=O)O)F","InChI=1S/C11H7FN2O4/c1-5(15)6-2-3-8(12)7(4-6)9-13-10(11(16)17)18-14-9/h2-4H,1H3,(H,16,17)","QOAZSNZLDHOMDF-UHFFFAOYSA-N"
37563894,"3-(3-Acetyl-5-fluorophenyl)-1,2,4-oxadiazole-5-carboxylic acid",250.038986,"C11H7FN2O4","CC(=O)c1cc(cc(c1)F)c2nc(on2)C(=O)O","InChI=1S/C11H7FN2O4/c1-5(15)6-2-7(4-8(12)3-6)9-13-10(11(16)17)18-14-9/h2-4H,1H3,(H,16,17)","CIEQBXFOZXUKAM-UHFFFAOYSA-N"
37564471,"3-(3-Carboxy-4-fluorophenyl)-1H-pyrazole-5-carboxylic acid",250.038986,"C11H7FN2O4","c1cc(c(cc1c2cc([nH]n2)C(=O)O)C(=O)O)F","InChI=1S/C11H7FN2O4/c12-7-2-1-5(3-6(7)10(15)16)8-4-9(11(17)18)14-13-8/h1-4H,(H,13,14)(H,15,16)(H,17,18)","NENVWQCHNWWXHY-UHFFFAOYSA-N"
37564472,"3-(5-Carboxy-2-fluorophenyl)-1H-pyrazole-5-carboxylic acid",250.038986,"C11H7FN2O4","c1cc(c(cc1C(=O)O)c2cc([nH]n2)C(=O)O)F","InChI=1S/C11H7FN2O4/c12-7-2-1-5(10(15)16)3-6(7)8-4-9(11(17)18)14-13-8/h1-4H,(H,13,14)(H,15,16)(H,17,18)","OWVRSIRHEJOYFK-UHFFFAOYSA-N"
37564473,"3-(3-Carboxy-5-fluorophenyl)-1H-pyrazole-5-carboxylic acid",250.038986,"C11H7FN2O4","c1c(cc(cc1C(=O)O)F)c2cc([nH]n2)C(=O)O","InChI=1S/C11H7FN2O4/c12-7-2-5(1-6(3-7)10(15)16)8-4-9(11(17)18)14-13-8/h1-4H,(H,13,14)(H,15,16)(H,17,18)","CFLIFDIJVIEUMI-UHFFFAOYSA-N"
37725476,"3'-Chloro-4'-methoxy-2,5-biphenyldiol",250.039673,"C13H11ClO3","COc1ccc(cc1Cl)c2cc(ccc2O)O","InChI=1S/C13H11ClO3/c1-17-13-5-2-8(6-11(13)14)10-7-9(15)3-4-12(10)16/h2-7,15-16H,1H3","AQZKSRFCERVXPD-UHFFFAOYSA-N"
37766217,"(5-Chloro-7-methoxy-1-benzofuran-2-yl)(cyclopropyl)methanone",250.039673,"C13H11ClO3","COc1cc(cc2c1oc(c2)C(=O)C3CC3)Cl","InChI=1S/C13H11ClO3/c1-16-11-6-9(14)4-8-5-10(17-13(8)11)12(15)7-2-3-7/h4-7H,2-3H2,1H3","HIKQUMRWLOTOLP-UHFFFAOYSA-N"
37793515,"5-(2-Fluorophenyl)-2,6-dioxo-1,2,3,6-tetrahydro-4-pyrimidinecarboxylic acid",250.038986,"C11H7FN2O4","c1ccc(c(c1)c2c([nH]c(=O)[nH]c2=O)C(=O)O)F","InChI=1S/C11H7FN2O4/c12-6-4-2-1-3-5(6)7-8(10(16)17)13-11(18)14-9(7)15/h1-4H,(H,16,17)(H2,13,14,15,18)","KGNSXKYWZGNDEA-UHFFFAOYSA-N"
37793516,"5-(4-Fluorophenyl)-2,6-dioxo-1,2,3,6-tetrahydro-4-pyrimidinecarboxylic acid",250.038986,"C11H7FN2O4","c1cc(ccc1c2c([nH]c(=O)[nH]c2=O)C(=O)O)F","InChI=1S/C11H7FN2O4/c12-6-3-1-5(2-4-6)7-8(10(16)17)13-11(18)14-9(7)15/h1-4H,(H,16,17)(H2,13,14,15,18)","LZOLYMKEAGOYHX-UHFFFAOYSA-N"
37793517,"5-(3-Fluorophenyl)-2,6-dioxo-1,2,3,6-tetrahydro-4-pyrimidinecarboxylic acid",250.038986,"C11H7FN2O4","c1cc(cc(c1)F)c2c([nH]c(=O)[nH]c2=O)C(=O)O","InChI=1S/C11H7FN2O4/c12-6-3-1-2-5(4-6)7-8(10(16)17)13-11(18)14-9(7)15/h1-4H,(H,16,17)(H2,13,14,15,18)","BNRBWZXHRBFMHH-UHFFFAOYSA-N"
37862572,"2-Sulfanyl-N-[5-(trifluoromethyl)-2-pyridinyl]propanamide",250.038773,"C9H9F3N2OS","CC(C(=O)Nc1ccc(cn1)C(F)(F)F)S","InChI=1S/C9H9F3N2OS/c1-5(16)8(15)14-7-3-2-6(4-13-7)9(10,11)12/h2-5,16H,1H3,(H,13,14,15)","NLSIRIYTBIQGHV-UHFFFAOYSA-N"
37869057,"3-Sulfanyl-N-[5-(trifluoromethyl)-2-pyridinyl]propanamide",250.038773,"C9H9F3N2OS","c1cc(ncc1C(F)(F)F)NC(=O)CCS","InChI=1S/C9H9F3N2OS/c10-9(11,12)6-1-2-7(13-5-6)14-8(15)3-4-16/h1-2,5,16H,3-4H2,(H,13,14,15)","DLOWESLTYSQORU-UHFFFAOYSA-N"
37969110,"2-{[3-(Trifluoromethyl)phenyl]sulfanyl}acetohydrazide",250.038773,"C9H9F3N2OS","c1cc(cc(c1)SCC(=O)NN)C(F)(F)F","InChI=1S/C9H9F3N2OS/c10-9(11,12)6-2-1-3-7(4-6)16-5-8(15)14-13/h1-4H,5,13H2,(H,14,15)","AOHLAZMTLMGWER-UHFFFAOYSA-N"
38041564,"4-Fluoro-2-[(1,2-oxazol-5-ylcarbonyl)amino]benzoic acid",250.038986,"C11H7FN2O4","c1cc(c(cc1F)NC(=O)c2ccno2)C(=O)O","InChI=1S/C11H7FN2O4/c12-6-1-2-7(11(16)17)8(5-6)14-10(15)9-3-4-13-18-9/h1-5H,(H,14,15)(H,16,17)","UIVOQDXMBABKEF-UHFFFAOYSA-N"
38041639,"5-Fluoro-2-[(1,2-oxazol-5-ylcarbonyl)amino]benzoic acid",250.038986,"C11H7FN2O4","c1cc(c(cc1F)C(=O)O)NC(=O)c2ccno2","InChI=1S/C11H7FN2O4/c12-6-1-2-8(7(5-6)11(16)17)14-10(15)9-3-4-13-18-9/h1-5H,(H,14,15)(H,16,17)","PDYAMCXBIZDPTQ-UHFFFAOYSA-N"
38069725,"2-{[2-Amino-4-(trifluoromethyl)phenyl]sulfanyl}acetamide",250.038773,"C9H9F3N2OS","c1cc(c(cc1C(F)(F)F)N)SCC(=O)N","InChI=1S/C9H9F3N2OS/c10-9(11,12)5-1-2-7(6(13)3-5)16-4-8(14)15/h1-3H,4,13H2,(H2,14,15)","YLJLJAPDSINFFP-UHFFFAOYSA-N"
38113443,"4-[(5-Chloropentyl)sulfanyl]-1,2-difluorobenzene",250.039459,"C11H13ClF2S","c1cc(c(cc1SCCCCCCl)F)F","InChI=1S/C11H13ClF2S/c12-6-2-1-3-7-15-9-4-5-10(13)11(14)8-9/h4-5,8H,1-3,6-7H2","YALYUCWVJVRBLB-UHFFFAOYSA-N"
38113445,"1-[(5-Chloropentyl)sulfanyl]-2,4-difluorobenzene",250.039459,"C11H13ClF2S","c1cc(c(cc1F)F)SCCCCCCl","InChI=1S/C11H13ClF2S/c12-6-2-1-3-7-15-11-5-4-9(13)8-10(11)14/h4-5,8H,1-3,6-7H2","FZEUBEZPSUAOKV-UHFFFAOYSA-N"
38208895,"2-Fluoro-6-[(1,2-oxazol-5-ylcarbonyl)amino]benzoic acid",250.038986,"C11H7FN2O4","c1cc(c(c(c1)F)C(=O)O)NC(=O)c2ccno2","InChI=1S/C11H7FN2O4/c12-6-2-1-3-7(9(6)11(16)17)14-10(15)8-4-5-13-18-8/h1-5H,(H,14,15)(H,16,17)","CYZHKDMZJAFCJE-UHFFFAOYSA-N"
38334220,"2-Amino-2-{4-[(trifluoromethyl)sulfanyl]phenyl}acetamide",250.038773,"C9H9F3N2OS","c1cc(ccc1C(C(=O)N)N)SC(F)(F)F","InChI=1S/C9H9F3N2OS/c10-9(11,12)16-6-3-1-5(2-4-6)7(13)8(14)15/h1-4,7H,13H2,(H2,14,15)","MVIAOUPGQZTAPI-UHFFFAOYSA-N"
38421414,"[(4-Bromobutyl)sulfanyl]cyclohexane",250.039078,"C10H19BrS","C1CCC(CC1)SCCCCBr","InChI=1S/C10H19BrS/c11-8-4-5-9-12-10-6-2-1-3-7-10/h10H,1-9H2","NWNDBMHBCHBVJA-UHFFFAOYSA-N"
38726433,"N'-Hydroxy-4-(methylsulfanyl)-2-(trifluoromethyl)benzenecarboximidamide",250.038773,"C9H9F3N2OS","CSc1ccc(c(c1)C(F)(F)F)/C(=N/O)/N","InChI=1S/C9H9F3N2OS/c1-16-5-2-3-6(8(13)14-15)7(4-5)9(10,11)12/h2-4,15H,1H3,(H2,13,14)","DJNFIVYOVJEESA-UHFFFAOYSA-N"
38726434,"N'-Hydroxy-2-(methylsulfanyl)-5-(trifluoromethyl)benzenecarboximidamide",250.038773,"C9H9F3N2OS","CSc1ccc(cc1/C(=N/O)/N)C(F)(F)F","InChI=1S/C9H9F3N2OS/c1-16-7-3-2-5(9(10,11)12)4-6(7)8(13)14-15/h2-4,15H,1H3,(H2,13,14)","WGBOGYYQMJRUIQ-UHFFFAOYSA-N"
38801005,"(4-Chloro-2-methoxyphenyl)(5-methyl-2-furyl)methanone",250.039673,"C13H11ClO3","Cc1ccc(o1)C(=O)c2ccc(cc2OC)Cl","InChI=1S/C13H11ClO3/c1-8-3-6-11(17-8)13(15)10-5-4-9(14)7-12(10)16-2/h3-7H,1-2H3","XPLBSTBESVJVQO-UHFFFAOYSA-N"
38801042,"(5-Chloro-2-methoxyphenyl)(5-methyl-2-furyl)methanone",250.039673,"C13H11ClO3","Cc1ccc(o1)C(=O)c2cc(ccc2OC)Cl","InChI=1S/C13H11ClO3/c1-8-3-5-12(17-8)13(15)10-7-9(14)4-6-11(10)16-2/h3-7H,1-2H3","VGLIZLSSIYKZKO-UHFFFAOYSA-N"
38883648,"4-Fluoro-2-[(1,2-oxazol-3-ylcarbonyl)amino]benzoic acid",250.038986,"C11H7FN2O4","c1cc(c(cc1F)NC(=O)c2ccon2)C(=O)O","InChI=1S/C11H7FN2O4/c12-6-1-2-7(11(16)17)9(5-6)13-10(15)8-3-4-18-14-8/h1-5H,(H,13,15)(H,16,17)","XMAQSLIHSLQSMB-UHFFFAOYSA-N"
38883658,"5-Fluoro-2-[(1,2-oxazol-3-ylcarbonyl)amino]benzoic acid",250.038986,"C11H7FN2O4","c1cc(c(cc1F)C(=O)O)NC(=O)c2ccon2","InChI=1S/C11H7FN2O4/c12-6-1-2-8(7(5-6)11(16)17)13-10(15)9-3-4-18-14-9/h1-5H,(H,13,15)(H,16,17)","ZGNMPBGYTFQUAE-UHFFFAOYSA-N"
553922,"(3S)-3-(4-Chlorophenyl)-1-(2-furyl)-3-hydroxy-1-propanone",250.039673,"C13H11ClO3","c1cc(oc1)C(=O)C[C@@H](c2ccc(cc2)Cl)O","InChI=1S/C13H11ClO3/c14-10-5-3-9(4-6-10)11(15)8-12(16)13-2-1-7-17-13/h1-7,11,15H,8H2/t11-/m0/s1","MYVBELKBLIJWMC-NSHDSACASA-N"
1442238,"3-Chloro-6-(3,5-dimethyl-1H-pyrazol-1-yl)-2-pyridinecarboxylate",250.038879,"C11H9ClN3O2","Cc1cc(n(n1)c2ccc(c(n2)C(=O)[O-])Cl)C","InChI=1S/C11H10ClN3O2/c1-6-5-7(2)15(14-6)9-4-3-8(12)10(13-9)11(16)17/h3-5H,1-2H3,(H,16,17)/p-1","QKBICGBMXFRLBL-UHFFFAOYSA-M"
1691633,"2-(2,3-Dichlorophenoxy)-N-(2-hydroxyethyl)ethanaminium",250.039612,"C10H14Cl2NO2","c1cc(c(c(c1)Cl)Cl)OCC[NH2+]CCO","InChI=1S/C10H13Cl2NO2/c11-8-2-1-3-9(10(8)12)15-7-5-13-4-6-14/h1-3,13-14H,4-7H2/p+1","UTVVOCXJAMDRTM-UHFFFAOYSA-O"
1691966,"2-(2,4-Dichlorophenoxy)-N-(2-hydroxyethyl)ethanaminium",250.039612,"C10H14Cl2NO2","c1cc(c(cc1Cl)Cl)OCC[NH2+]CCO","InChI=1S/C10H13Cl2NO2/c11-8-1-2-10(9(12)7-8)15-6-4-13-3-5-14/h1-2,7,13-14H,3-6H2/p+1","RKZYAOUKGOGLMR-UHFFFAOYSA-O"
1719680,"2-(3,4-Dichlorophenoxy)-N-(2-hydroxyethyl)ethanaminium",250.039612,"C10H14Cl2NO2","c1cc(c(cc1OCC[NH2+]CCO)Cl)Cl","InChI=1S/C10H13Cl2NO2/c11-9-2-1-8(7-10(9)12)15-6-4-13-3-5-14/h1-2,7,13-14H,3-6H2/p+1","KHWUJADXGWCNNV-UHFFFAOYSA-O"
5426135,"2,2'-{[(3S)-1,1-Dioxidotetrahydro-3-thiophenyl]ammonio}diacetate",250.039078,"C8H12NO6S","O=S1(=O)CC[C@H]([NH+](CC([O-])=O)CC([O-])=O)C1","InChI=1S/C8H13NO6S/c10-7(11)3-9(4-8(12)13)6-1-2-16(14,15)5-6/h6H,1-5H2,(H,10,11)(H,12,13)/p-1/t6-/m0/s1","BGCWFHXVBVYRBV-LURJTMIESA-M"
5426137,"2,2'-{[(3R)-1,1-Dioxidotetrahydro-3-thiophenyl]ammonio}diacetate",250.039078,"C8H12NO6S","O=S1(=O)CC[C@@H]([NH+](CC([O-])=O)CC([O-])=O)C1","InChI=1S/C8H13NO6S/c10-7(11)3-9(4-8(12)13)6-1-2-16(14,15)5-6/h6H,1-5H2,(H,10,11)(H,12,13)/p-1/t6-/m1/s1","BGCWFHXVBVYRBV-ZCFIWIBFSA-M"
5511997,"3-[(7-Chloro-4-quinazolinyl)amino]propanoate",250.038879,"C11H9ClN3O2","[O-]C(=O)CCNc2ncnc1c2ccc(Cl)c1","InChI=1S/C11H10ClN3O2/c12-7-1-2-8-9(5-7)14-6-15-11(8)13-4-3-10(16)17/h1-2,5-6H,3-4H2,(H,16,17)(H,13,14,15)/p-1","WCEVCSXYVPWPSH-UHFFFAOYSA-M"
5511999,"(2S)-2-[(7-Chloro-4-quinazolinyl)amino]propanoate",250.038879,"C11H9ClN3O2","[O-]C(=O)[C@@H](Nc2ncnc1c2ccc(Cl)c1)C","InChI=1S/C11H10ClN3O2/c1-6(11(16)17)15-10-8-3-2-7(12)4-9(8)13-5-14-10/h2-6H,1H3,(H,16,17)(H,13,14,15)/p-1/t6-/m0/s1","DUZIJEJRCLZUGZ-LURJTMIESA-M"
5512001,"(2R)-2-[(7-Chloro-4-quinazolinyl)amino]propanoate",250.038879,"C11H9ClN3O2","[O-]C(=O)[C@H](Nc2ncnc1c2ccc(Cl)c1)C","InChI=1S/C11H10ClN3O2/c1-6(11(16)17)15-10-8-3-2-7(12)4-9(8)13-5-14-10/h2-6H,1H3,(H,16,17)(H,13,14,15)/p-1/t6-/m1/s1","DUZIJEJRCLZUGZ-ZCFIWIBFSA-M"
5674394,"(2S)-2-[3-(2-Pyrazinyl)-5-thioxo-1,5-dihydro-4H-1,2,4-triazol-4-yl]propanoate",250.040421,"C9H8N5O2S","O=C([O-])[C@@H](N1\C(=N/NC1=S)c2nccnc2)C","InChI=1S/C9H9N5O2S/c1-5(8(15)16)14-7(12-13-9(14)17)6-4-10-2-3-11-6/h2-5H,1H3,(H,13,17)(H,15,16)/p-1/t5-/m0/s1","QEQQVRTUUIMZOA-YFKPBYRVSA-M"
5674397,"(2R)-2-[3-(2-Pyrazinyl)-5-thioxo-1,5-dihydro-4H-1,2,4-triazol-4-yl]propanoate",250.040421,"C9H8N5O2S","O=C([O-])[C@H](N1\C(=N/NC1=S)c2nccnc2)C","InChI=1S/C9H9N5O2S/c1-5(8(15)16)14-7(12-13-9(14)17)6-4-10-2-3-11-6/h2-5H,1H3,(H,13,17)(H,15,16)/p-1/t5-/m1/s1","QEQQVRTUUIMZOA-RXMQYKEDSA-M"
5730029,"{[4-Methyl-5-(2-pyrazinyl)-4H-1,2,4-triazol-3-yl]sulfanyl}acetate",250.040421,"C9H8N5O2S","O=C([O-])CSc1nnc(n1C)c2nccnc2","InChI=1S/C9H9N5O2S/c1-14-8(6-4-10-2-3-11-6)12-13-9(14)17-5-7(15)16/h2-4H,5H2,1H3,(H,15,16)/p-1","HVBSTJKQHYBMBJ-UHFFFAOYSA-M"
5929268,"{[4-Amino-5-(4-pyridinyl)-4H-1,2,4-triazol-3-yl]sulfanyl}acetate",250.040421,"C9H8N5O2S","O=C([O-])CSc1nnc(n1N)c2ccncc2","InChI=1S/C9H9N5O2S/c10-14-8(6-1-3-11-4-2-6)12-13-9(14)17-5-7(15)16/h1-4H,5,10H2,(H,15,16)/p-1","AEGVKCSDLKQOAG-UHFFFAOYSA-M"
6306828,"N-(3,5-Dichloro-2-methoxybenzyl)-2-hydroxyethanaminium",250.039612,"C10H14Cl2NO2","Clc1cc(Cl)cc(c1OC)C[NH2+]CCO","InChI=1S/C10H13Cl2NO2/c1-15-10-7(6-13-2-3-14)4-8(11)5-9(10)12/h4-5,13-14H,2-3,6H2,1H3/p+1","CAPKOOHBAZNYJU-UHFFFAOYSA-O"
8857444,"Lithium 2-methoxy-3,5-bis(trifluoromethyl)benzenide",250.040466,"C9H5F6LiO","[Li+].FC(F)(F)c1c([c-]cc(c1)C(F)(F)F)OC","InChI=1S/C9H5F6O.Li/c1-16-7-3-2-5(8(10,11)12)4-6(7)9(13,14)15;/h2,4H,1H3;/q-1;+1","SFTZHCSVJCEFBR-UHFFFAOYSA-N"
9303831,"carbon monoxide; cobalt; 1,2,3,4,5-pentamethylcyclopentane",250.040405,"C12H15CoO2","C[C]1[C]([C]([C]([C]1C)C)C)C.[C-]#[O+].[C-]#[O+].[Co]","InChI=1S/C10H15.2CO.Co/c1-6-7(2)9(4)10(5)8(6)3;2*1-2;/h1-5H3;;;","ZTQMADKFSBPOKJ-UHFFFAOYSA-N"
10501155,"(1Z)-N-(Aminosulfanyl)-2,2,2-trifluoro-1-(4-methoxyphenyl)ethanimine",250.038773,"C9H9F3N2OS","COc1ccc(cc1)\C(=N\SN)C(F)(F)F","InChI=1S/C9H9F3N2OS/c1-15-7-4-2-6(3-5-7)8(14-16-13)9(10,11)12/h2-5H,13H2,1H3/b14-8-","UYXNLRHUVOUPAV-ZSOIEALJSA-N"
10567791,"6,7-Dimethoxy-2-naphthoyl chloride",250.039673,"C13H11ClO3","ClC(=O)c1cc2cc(OC)c(cc2cc1)OC","InChI=1S/C13H11ClO3/c1-16-11-6-8-3-4-9(13(14)15)5-10(8)7-12(11)17-2/h3-7H,1-2H3","PLFGBEILILNTIE-UHFFFAOYSA-N"
13183894,"(2'-Hydroxy-2-biphenylyl)phosphonic acid",250.03949,"C12H11O4P","c1ccc(c(c1)c2ccccc2P(=O)(O)O)O","InChI=1S/C12H11O4P/c13-11-7-3-1-5-9(11)10-6-2-4-8-12(10)17(14,15)16/h1-8,13H,(H2,14,15,16)","FSZAOEATXCQCGQ-UHFFFAOYSA-N"
14914509,"1,4-Dimethoxy-2-naphthoyl chloride",250.039673,"C13H11ClO3","ClC(=O)c2cc(OC)c1ccccc1c2OC","InChI=1S/C13H11ClO3/c1-16-11-7-10(13(14)15)12(17-2)9-6-4-3-5-8(9)11/h3-7H,1-2H3","KZVSLVNQYAJCNA-UHFFFAOYSA-N"
15442822,"4-Biphenylyl dihydrogen phosphate",250.03949,"C12H11O4P","c1ccc(cc1)c2ccc(cc2)OP(=O)(O)O","InChI=1S/C12H11O4P/c13-17(14,15)16-12-8-6-11(7-9-12)10-4-2-1-3-5-10/h1-9H,(H2,13,14,15)","HCMDALUSRXPQDD-UHFFFAOYSA-N"
20057861,"3-(4-Chlorophenyl)-1-(2-furyl)-3-hydroxy-1-propanone",250.039673,"C13H11ClO3","c1cc(oc1)C(=O)CC(c2ccc(cc2)Cl)O","InChI=1S/C13H11ClO3/c14-10-5-3-9(4-6-10)11(15)8-12(16)13-2-1-7-17-13/h1-7,11,15H,8H2","MYVBELKBLIJWMC-UHFFFAOYSA-N"
21254696,"Sodium 2-methyl-2-[(4-methyl-6-oxo-1,6-dihydro-2-pyrimidinyl)sulfanyl]propanoate",250.038803,"C9H11N2NaO3S","Cc1cc(=O)[nH]c(n1)SC(C)(C)C(=O)[O-].[Na+]","InChI=1S/C9H12N2O3S.Na/c1-5-4-6(12)11-8(10-5)15-9(2,3)7(13)14;/h4H,1-3H3,(H,13,14)(H,10,11,12);/q;+1/p-1","POVPIIRATSDCTL-UHFFFAOYSA-M"
22887360,"2-(3,5-Dichloro-1H-1,2,4-triazol-1-yl)-N,N-diethylacetamide",250.038818,"C8H12Cl2N4O","CCN(CC)C(=O)Cn1c(nc(n1)Cl)Cl","InChI=1S/C8H12Cl2N4O/c1-3-13(4-2)6(15)5-14-8(10)11-7(9)12-14/h3-5H2,1-2H3","RJNDRBAYVXMVQR-UHFFFAOYSA-N"
23204207,"Ethyl 7-chloro-3-oxo-3,4-dihydro-2-naphthalenecarboxylate",250.039673,"C13H11ClO3","CCOC(=O)C1=Cc2cc(ccc2CC1=O)Cl","InChI=1S/C13H11ClO3/c1-2-17-13(16)11-6-9-5-10(14)4-3-8(9)7-12(11)15/h3-6H,2,7H2,1H3","FASLNCHQWZDEHV-UHFFFAOYSA-N"
24552984,"3-Chloro-7-[(2-methyl-2-propen-1-yl)oxy]-4H-chromen-4-one",250.039673,"C13H11ClO3","CC(=C)COc1ccc2c(c1)occ(c2=O)Cl","InChI=1S/C13H11ClO3/c1-8(2)6-16-9-3-4-10-12(5-9)17-7-11(14)13(10)15/h3-5,7H,1,6H2,2H3","PKYROSZUFARWLF-UHFFFAOYSA-N"
24592204,"(2R)-2-[(1-Chloro-2-naphthyl)oxy]propanoic acid",250.039673,"C13H11ClO3","C[C@H](C(=O)O)Oc1ccc2ccccc2c1Cl","InChI=1S/C13H11ClO3/c1-8(13(15)16)17-11-7-6-9-4-2-3-5-10(9)12(11)14/h2-8H,1H3,(H,15,16)/t8-/m1/s1","AIVINHFSMZQJFB-MRVPVSSYSA-N"
24592205,"(2S)-2-[(1-Chloro-2-naphthyl)oxy]propanoic acid",250.039673,"C13H11ClO3","C[C@@H](C(=O)O)Oc1ccc2ccccc2c1Cl","InChI=1S/C13H11ClO3/c1-8(13(15)16)17-11-7-6-9-4-2-3-5-10(9)12(11)14/h2-8H,1H3,(H,15,16)/t8-/m0/s1","AIVINHFSMZQJFB-QMMMGPOBSA-N"
24840516,"1,1'-(1,2-Ethynediyl)bis(2,4-difluorobenzene)",250.040558,"C14H6F4","c1cc(c(cc1F)F)C#Cc2ccc(cc2F)F","InChI=1S/C14H6F4/c15-11-5-3-9(13(17)7-11)1-2-10-4-6-12(16)8-14(10)18/h3-8H","UDQXPRABSQSTSB-UHFFFAOYSA-N"
26265637,"2-[5-(2-Chlorophenyl)-2-furyl]-1,3-dioxolane",250.039673,"C13H11ClO3","c1ccc(c(c1)c2ccc(o2)C3OCCO3)Cl","InChI=1S/C13H11ClO3/c14-10-4-2-1-3-9(10)11-5-6-12(17-11)13-15-7-8-16-13/h1-6,13H,7-8H2","LJEHCIBQITZNDI-UHFFFAOYSA-N"
26265655,"2-[5-(4-Chlorophenyl)-2-furyl]-1,3-dioxolane",250.039673,"C13H11ClO3","c1cc(ccc1c2ccc(o2)C3OCCO3)Cl","InChI=1S/C13H11ClO3/c14-10-3-1-9(2-4-10)11-5-6-12(17-11)13-15-7-8-16-13/h1-6,13H,7-8H2","ZISLFCUESDHBPT-UHFFFAOYSA-N"
26265657,"2-[5-(3-Chlorophenyl)-2-furyl]-1,3-dioxolane",250.039673,"C13H11ClO3","c1cc(cc(c1)Cl)c2ccc(o2)C3OCCO3","InChI=1S/C13H11ClO3/c14-10-3-1-2-9(8-10)11-4-5-12(17-11)13-15-6-7-16-13/h1-5,8,13H,6-7H2","NNNWVEUMWZYGOM-UHFFFAOYSA-N"
26282599,"Ethyl 5-(2-chlorophenyl)-2-furoate",250.039673,"C13H11ClO3","CCOC(=O)c1ccc(o1)c2ccccc2Cl","InChI=1S/C13H11ClO3/c1-2-16-13(15)12-8-7-11(17-12)9-5-3-4-6-10(9)14/h3-8H,2H2,1H3","SCXGTXXZGMGHHF-UHFFFAOYSA-N"
26348223,"5-[(2-Chlorobenzyl)oxy]-1,3-benzenediol",250.039673,"C13H11ClO3","c1ccc(c(c1)COc2cc(cc(c2)O)O)Cl","InChI=1S/C13H11ClO3/c14-13-4-2-1-3-9(13)8-17-12-6-10(15)5-11(16)7-12/h1-7,15-16H,8H2","DEEAAOOCXCFKNM-UHFFFAOYSA-N"
28558950,"2,3,6,7-Tetrafluoroanthracene",250.040558,"C14H6F4","c1c2cc(c(cc2cc3c1cc(c(c3)F)F)F)F","InChI=1S/C14H6F4/c15-11-3-7-1-8-4-12(16)14(18)6-10(8)2-9(7)5-13(11)17/h1-6H","RHGMFCAIAIFCFR-UHFFFAOYSA-N"
38883671,"2-Fluoro-6-[(1,2-oxazol-3-ylcarbonyl)amino]benzoic acid",250.038986,"C11H7FN2O4","c1cc(c(c(c1)F)C(=O)O)NC(=O)c2ccon2","InChI=1S/C11H7FN2O4/c12-6-2-1-3-7(9(6)11(16)17)13-10(15)8-4-5-18-14-8/h1-5H,(H,13,15)(H,16,17)","QUNVIZSKQYFVFJ-UHFFFAOYSA-N"
38883706,"4-Fluoro-3-[(1,2-oxazol-3-ylcarbonyl)amino]benzoic acid",250.038986,"C11H7FN2O4","c1cc(c(cc1C(=O)O)NC(=O)c2ccon2)F","InChI=1S/C11H7FN2O4/c12-7-2-1-6(11(16)17)5-9(7)13-10(15)8-3-4-18-14-8/h1-5H,(H,13,15)(H,16,17)","DVAPWVYMQSBMHN-UHFFFAOYSA-N"
38883707,"2-Fluoro-5-[(1,2-oxazol-3-ylcarbonyl)amino]benzoic acid",250.038986,"C11H7FN2O4","c1cc(c(cc1NC(=O)c2ccon2)C(=O)O)F","InChI=1S/C11H7FN2O4/c12-8-2-1-6(5-7(8)11(16)17)13-10(15)9-3-4-18-14-9/h1-5H,(H,13,15)(H,16,17)","QUFMPNJSMLGSKU-UHFFFAOYSA-N"
39136961,"6-Methyl-2-(2,2,2-trifluoroethoxy)-3-pyridinecarbothioamide",250.038773,"C9H9F3N2OS","Cc1ccc(c(n1)OCC(F)(F)F)C(=S)N","InChI=1S/C9H9F3N2OS/c1-5-2-3-6(7(13)16)8(14-5)15-4-9(10,11)12/h2-3H,4H2,1H3,(H2,13,16)","YKDIPYYJRVKSIG-UHFFFAOYSA-N"
39160915,"1-(2-Fluoro-4-nitrophenyl)-3-methyl-1H-pyrrole-2,5-dione",250.038986,"C11H7FN2O4","CC1=CC(=O)N(C1=O)c2ccc(cc2F)[N+](=O)[O-]","InChI=1S/C11H7FN2O4/c1-6-4-10(15)13(11(6)16)9-3-2-7(14(17)18)5-8(9)12/h2-5H,1H3","RUQKJMVVUCTFGV-UHFFFAOYSA-N"
39165051,"(2E)-3-[4-(3-Butyn-1-yloxy)-3-chlorophenyl]acrylic acid",250.039673,"C13H11ClO3","C#CCCOc1ccc(cc1Cl)/C=C/C(=O)O","InChI=1S/C13H11ClO3/c1-2-3-8-17-12-6-4-10(9-11(12)14)5-7-13(15)16/h1,4-7,9H,3,8H2,(H,15,16)/b7-5+","WSKHMPUKTDHPCZ-FNORWQNLSA-N"
39537006,"1-(4-Chlorophenyl)-2-(2-furylmethoxy)ethanone",250.039673,"C13H11ClO3","c1cc(oc1)COCC(=O)c2ccc(cc2)Cl","InChI=1S/C13H11ClO3/c14-11-5-3-10(4-6-11)13(15)9-16-8-12-2-1-7-17-12/h1-7H,8-9H2","VMSYSVDUWSXYCX-UHFFFAOYSA-N"
39537025,"1-(2-Chlorophenyl)-2-(2-furylmethoxy)ethanone",250.039673,"C13H11ClO3","c1ccc(c(c1)C(=O)COCc2ccco2)Cl","InChI=1S/C13H11ClO3/c14-12-6-2-1-5-11(12)13(15)9-16-8-10-4-3-7-17-10/h1-7H,8-9H2","HHFULGKLHQEYTN-UHFFFAOYSA-N"
39537067,"1-(3-Chlorophenyl)-2-(2-furylmethoxy)ethanone",250.039673,"C13H11ClO3","c1cc(cc(c1)Cl)C(=O)COCc2ccco2","InChI=1S/C13H11ClO3/c14-11-4-1-3-10(7-11)13(15)9-16-8-12-5-2-6-17-12/h1-7H,8-9H2","MIWCHGXEAFKFID-UHFFFAOYSA-N"
39537235,"2-[(2-Chlorobenzyl)oxy]-1-(2-furyl)ethanone",250.039673,"C13H11ClO3","c1ccc(c(c1)COCC(=O)c2ccco2)Cl","InChI=1S/C13H11ClO3/c14-11-5-2-1-4-10(11)8-16-9-12(15)13-6-3-7-17-13/h1-7H,8-9H2","ZTGFPUWODAYNSI-UHFFFAOYSA-N"
39543582,"N-(2-Fluoro-4-nitrophenyl)-2-furamide",250.038986,"C11H7FN2O4","c1cc(oc1)C(=O)Nc2ccc(cc2F)[N+](=O)[O-]","InChI=1S/C11H7FN2O4/c12-8-6-7(14(16)17)3-4-9(8)13-11(15)10-2-1-5-18-10/h1-6H,(H,13,15)","MSODIAXBVKHPTC-UHFFFAOYSA-N"
39796381,"(2E)-3-[2-(2-Butyn-1-yloxy)-5-chlorophenyl]acrylic acid",250.039673,"C13H11ClO3","CC#CCOc1ccc(cc1/C=C/C(=O)O)Cl","InChI=1S/C13H11ClO3/c1-2-3-8-17-12-6-5-11(14)9-10(12)4-7-13(15)16/h4-7,9H,8H2,1H3,(H,15,16)/b7-4+","RPIJTGUWGMGCFO-QPJJXVBHSA-N"
39796393,"(2E)-3-[4-(2-Butyn-1-yloxy)-3-chlorophenyl]acrylic acid",250.039673,"C13H11ClO3","CC#CCOc1ccc(cc1Cl)/C=C/C(=O)O","InChI=1S/C13H11ClO3/c1-2-3-8-17-12-6-4-10(9-11(12)14)5-7-13(15)16/h4-7,9H,8H2,1H3,(H,15,16)/b7-5+","HXZCMWWBITYINP-FNORWQNLSA-N"
40016073,"2-(2-Chloro-4-methylphenoxy)-1-(2-furyl)ethanone",250.039673,"C13H11ClO3","Cc1ccc(c(c1)Cl)OCC(=O)c2ccco2","InChI=1S/C13H11ClO3/c1-9-4-5-12(10(14)7-9)17-8-11(15)13-3-2-6-16-13/h2-7H,8H2,1H3","FFDVRPBGNSTXNR-UHFFFAOYSA-N"
40030426,"2-(5-Chloro-2-methoxyphenyl)-1-(2-furyl)ethanone",250.039673,"C13H11ClO3","COc1ccc(cc1CC(=O)c2ccco2)Cl","InChI=1S/C13H11ClO3/c1-16-12-5-4-10(14)7-9(12)8-11(15)13-3-2-6-17-13/h2-7H,8H2,1H3","HMOWXXMMLLZWOG-UHFFFAOYSA-N"
40056799,"1-[(3-Bromopropyl)sulfanyl]-3-methylcyclohexane",250.039078,"C10H19BrS","CC1CCCC(C1)SCCCBr","InChI=1S/C10H19BrS/c1-9-4-2-5-10(8-9)12-7-3-6-11/h9-10H,2-8H2,1H3","FOZAXFSUJUYEAJ-UHFFFAOYSA-N"
40081787,"2-[Cyclopropyl(2,2,2-trifluoroethyl)amino]-1,3-thiazole-5-carbaldehyde",250.038773,"C9H9F3N2OS","c1c(sc(n1)N(CC(F)(F)F)C2CC2)C=O","InChI=1S/C9H9F3N2OS/c10-9(11,12)5-14(6-1-2-6)8-13-3-7(4-15)16-8/h3-4,6H,1-2,5H2","AMFAXZDIZSYOSI-UHFFFAOYSA-N"
40146023,"N-Cyclopropyl-N-(2,2,2-trifluoroethyl)-1,3-thiazole-4-carboxamide",250.038773,"C9H9F3N2OS","c1c(ncs1)C(=O)N(CC(F)(F)F)C2CC2","InChI=1S/C9H9F3N2OS/c10-9(11,12)4-14(6-1-2-6)8(15)7-3-16-5-13-7/h3,5-6H,1-2,4H2","QBECOVKPRSAQMV-UHFFFAOYSA-N"
40216228,"{[(4-Bromobutyl)sulfanyl]methyl}cyclopentane",250.039078,"C10H19BrS","C1CCC(C1)CSCCCCBr","InChI=1S/C10H19BrS/c11-7-3-4-8-12-9-10-5-1-2-6-10/h10H,1-9H2","YUPGEHWGAGOKRL-UHFFFAOYSA-N"
40284833,"3-Fluoro-4-[(1,2-oxazol-5-ylcarbonyl)amino]benzoic acid",250.038986,"C11H7FN2O4","c1cc(c(cc1C(=O)O)F)NC(=O)c2ccno2","InChI=1S/C11H7FN2O4/c12-7-5-6(11(16)17)1-2-8(7)14-10(15)9-3-4-13-18-9/h1-5H,(H,14,15)(H,16,17)","BDSJRARRUKLVLQ-UHFFFAOYSA-N"
40285004,"3-Fluoro-4-[(1,2-oxazol-3-ylcarbonyl)amino]benzoic acid",250.038986,"C11H7FN2O4","c1cc(c(cc1C(=O)O)F)NC(=O)c2ccon2","InChI=1S/C11H7FN2O4/c12-7-5-6(11(16)17)1-2-8(7)13-10(15)9-3-4-18-14-9/h1-5H,(H,13,15)(H,16,17)","LQTFOYJGGVBOKK-UHFFFAOYSA-N"
40388457,"3-[(4,6-Dichloro-1,3,5-triazin-2-yl)oxy]-N,N-dimethyl-1-propanamine",250.038818,"C8H12Cl2N4O","CN(C)CCCOc1nc(nc(n1)Cl)Cl","InChI=1S/C8H12Cl2N4O/c1-14(2)4-3-5-15-8-12-6(9)11-7(10)13-8/h3-5H2,1-2H3","BGLRYIKTTRATQH-UHFFFAOYSA-N"
40388550,"4,6-Dichloro-N-(3-ethoxypropyl)-1,3,5-triazin-2-amine",250.038818,"C8H12Cl2N4O","CCOCCCNc1nc(nc(n1)Cl)Cl","InChI=1S/C8H12Cl2N4O/c1-2-15-5-3-4-11-8-13-6(9)12-7(10)14-8/h2-5H2,1H3,(H,11,12,13,14)","UFXAQGSCJTVVSV-UHFFFAOYSA-N"
40388657,"2-[(4,6-Dichloro-1,3,5-triazin-2-yl)(propyl)amino]ethanol",250.038818,"C8H12Cl2N4O","CCCN(CCO)c1nc(nc(n1)Cl)Cl","InChI=1S/C8H12Cl2N4O/c1-2-3-14(4-5-15)8-12-6(9)11-7(10)13-8/h15H,2-5H2,1H3","QPUHTJYJZKRQAT-UHFFFAOYSA-N"
40388674,"4,6-Dichloro-N-ethyl-N-(2-methoxyethyl)-1,3,5-triazin-2-amine",250.038818,"C8H12Cl2N4O","CCN(CCOC)c1nc(nc(n1)Cl)Cl","InChI=1S/C8H12Cl2N4O/c1-3-14(4-5-15-2)8-12-6(9)11-7(10)13-8/h3-5H2,1-2H3","SMASAFIGVPATAM-UHFFFAOYSA-N"
40388679,"4,6-Dichloro-N-(1-methoxy-2-propanyl)-N-methyl-1,3,5-triazin-2-amine",250.038818,"C8H12Cl2N4O","CC(COC)N(C)c1nc(nc(n1)Cl)Cl","InChI=1S/C8H12Cl2N4O/c1-5(4-15-3)14(2)8-12-6(9)11-7(10)13-8/h5H,4H2,1-3H3","ODDSGUNAFSTSHM-UHFFFAOYSA-N"
40388752,"2-[(4,6-Dichloro-1,3,5-triazin-2-yl)(isopropyl)amino]ethanol",250.038818,"C8H12Cl2N4O","CC(C)N(CCO)c1nc(nc(n1)Cl)Cl","InChI=1S/C8H12Cl2N4O/c1-5(2)14(3-4-15)8-12-6(9)11-7(10)13-8/h5,15H,3-4H2,1-2H3","YMHIEJBRKFYVDM-UHFFFAOYSA-N"
40388796,"4,6-Dichloro-N-(4-methoxybutyl)-1,3,5-triazin-2-amine",250.038818,"C8H12Cl2N4O","COCCCCNc1nc(nc(n1)Cl)Cl","InChI=1S/C8H12Cl2N4O/c1-15-5-3-2-4-11-8-13-6(9)12-7(10)14-8/h2-5H2,1H3,(H,11,12,13,14)","CEIDQHMQUUWKIC-UHFFFAOYSA-N"
40388799,"4,6-Dichloro-N-(1-ethoxy-2-propanyl)-1,3,5-triazin-2-amine",250.038818,"C8H12Cl2N4O","CCOCC(C)Nc1nc(nc(n1)Cl)Cl","InChI=1S/C8H12Cl2N4O/c1-3-15-4-5(2)11-8-13-6(9)12-7(10)14-8/h5H,3-4H2,1-2H3,(H,11,12,13,14)","WEAXEZYLPZIPMN-UHFFFAOYSA-N"
40388825,"4,6-Dichloro-N-(3-methoxy-2-methylpropyl)-1,3,5-triazin-2-amine",250.038818,"C8H12Cl2N4O","CC(CNc1nc(nc(n1)Cl)Cl)COC","InChI=1S/C8H12Cl2N4O/c1-5(4-15-2)3-11-8-13-6(9)12-7(10)14-8/h5H,3-4H2,1-2H3,(H,11,12,13,14)","QTMSYUNLUYEWCL-UHFFFAOYSA-N"
40419069,"3-[(2,2,2-Trifluoroethoxy)methyl]-2-pyridinecarbothioamide",250.038773,"C9H9F3N2OS","c1cc(c(nc1)C(=S)N)COCC(F)(F)F","InChI=1S/C9H9F3N2OS/c10-9(11,12)5-15-4-6-2-1-3-14-7(6)8(13)16/h1-3H,4-5H2,(H2,13,16)","MIUIXXPSMVCFBJ-UHFFFAOYSA-N"
40434041,"1-[3-Chloro-4-(2-furylmethoxy)phenyl]ethanone",250.039673,"C13H11ClO3","CC(=O)c1ccc(c(c1)Cl)OCc2ccco2","InChI=1S/C13H11ClO3/c1-9(15)10-4-5-13(12(14)7-10)17-8-11-3-2-6-16-11/h2-7H,8H2,1H3","AICBIENOLXPBDR-UHFFFAOYSA-N"
40500878,"4,6-Dichloro-N-(3-methoxypropyl)-N-methyl-1,3,5-triazin-2-amine",250.038818,"C8H12Cl2N4O","CN(CCCOC)c1nc(nc(n1)Cl)Cl","InChI=1S/C8H12Cl2N4O/c1-14(4-3-5-15-2)8-12-6(9)11-7(10)13-8/h3-5H2,1-2H3","CUASEPCIGPRWNM-UHFFFAOYSA-N"
40571942,"1-[5-(2-Chloro-5-methoxyphenyl)-2-furyl]ethanone",250.039673,"C13H11ClO3","CC(=O)c1ccc(o1)c2cc(ccc2Cl)OC","InChI=1S/C13H11ClO3/c1-8(15)12-5-6-13(17-12)10-7-9(16-2)3-4-11(10)14/h3-7H,1-2H3","JCBMJUPKSAXQDP-UHFFFAOYSA-N"
41006171,"2-(3-Thienyl)-3-(2,2,2-trifluoroethyl)-4-imidazolidinone",250.038773,"C9H9F3N2OS","c1cscc1C2NCC(=O)N2CC(F)(F)F","InChI=1S/C9H9F3N2OS/c10-9(11,12)5-14-7(15)3-13-8(14)6-1-2-16-4-6/h1-2,4,8,13H,3,5H2","NUUPAQOXBJAOIB-UHFFFAOYSA-N"
41006199,"2-(2-Thienyl)-3-(2,2,2-trifluoroethyl)-4-imidazolidinone",250.038773,"C9H9F3N2OS","c1cc(sc1)C2NCC(=O)N2CC(F)(F)F","InChI=1S/C9H9F3N2OS/c10-9(11,12)5-14-7(15)4-13-8(14)6-2-1-3-16-6/h1-3,8,13H,4-5H2","OOSFINZYAXZOSP-UHFFFAOYSA-N"
41126343,"4,4,4-Trifluoro-1-(imidazo[2,1-b][1,3]thiazol-6-yl)-2-butanol",250.038773,"C9H9F3N2OS","c1csc2n1cc(n2)CC(CC(F)(F)F)O","InChI=1S/C9H9F3N2OS/c10-9(11,12)4-7(15)3-6-5-14-1-2-16-8(14)13-6/h1-2,5,7,15H,3-4H2","VIKCMTCAAXPZRB-UHFFFAOYSA-N"
41158215,"3-[(3,6-Dichloro-1,2,4-triazin-5-yl)amino]-2,2-dimethyl-1-propanol",250.038818,"C8H12Cl2N4O","CC(C)(CNc1c(nnc(n1)Cl)Cl)CO","InChI=1S/C8H12Cl2N4O/c1-8(2,4-15)3-11-6-5(9)13-14-7(10)12-6/h15H,3-4H2,1-2H3,(H,11,12,14)","BHIDBARVLZMPKW-UHFFFAOYSA-N"
41158223,"3-[(4,6-Dichloro-1,3,5-triazin-2-yl)amino]-2,2-dimethyl-1-propanol",250.038818,"C8H12Cl2N4O","CC(C)(CNc1nc(nc(n1)Cl)Cl)CO","InChI=1S/C8H12Cl2N4O/c1-8(2,4-15)3-11-7-13-5(9)12-6(10)14-7/h15H,3-4H2,1-2H3,(H,11,12,13,14)","TYUSNKLMXZXXER-UHFFFAOYSA-N"
41364928,"(2E)-3-[2-(3-Butyn-1-yloxy)-6-chlorophenyl]acrylic acid",250.039673,"C13H11ClO3","C#CCCOc1cccc(c1/C=C/C(=O)O)Cl","InChI=1S/C13H11ClO3/c1-2-3-9-17-12-6-4-5-11(14)10(12)7-8-13(15)16/h1,4-8H,3,9H2,(H,15,16)/b8-7+","KDIMEJHMVIQPKW-BQYQJAHWSA-N"
41365015,"(2E)-3-[2-(2-Butyn-1-yloxy)-6-chlorophenyl]acrylic acid",250.039673,"C13H11ClO3","CC#CCOc1cccc(c1/C=C/C(=O)O)Cl","InChI=1S/C13H11ClO3/c1-2-3-9-17-12-6-4-5-11(14)10(12)7-8-13(15)16/h4-8H,9H2,1H3,(H,15,16)/b8-7+","RFPUFLRJBSRLEO-BQYQJAHWSA-N"
41376784,"1-(3-Fluoro-4-nitrophenyl)-3-methyl-1H-pyrrole-2,5-dione",250.038986,"C11H7FN2O4","CC1=CC(=O)N(C1=O)c2ccc(c(c2)F)[N+](=O)[O-]","InChI=1S/C11H7FN2O4/c1-6-4-10(15)13(11(6)16)7-2-3-9(14(17)18)8(12)5-7/h2-5H,1H3","QLFIDDWWKWNCJR-UHFFFAOYSA-N"
41379614,"3-Amino-4-[(3,6-dichloro-4-pyridazinyl)amino]-2-butanol",250.038818,"C8H12Cl2N4O","CC(C(CNc1cc(nnc1Cl)Cl)N)O","InChI=1S/C8H12Cl2N4O/c1-4(15)5(11)3-12-6-2-7(9)13-14-8(6)10/h2,4-5,15H,3,11H2,1H3,(H,12,13)","ZRQWUXUZUMRVQX-UHFFFAOYSA-N"
41471674,"2-[(5-Chloropentyl)sulfanyl]-1,4-difluorobenzene",250.039459,"C11H13ClF2S","c1cc(c(cc1F)SCCCCCCl)F","InChI=1S/C11H13ClF2S/c12-6-2-1-3-7-15-11-8-9(13)4-5-10(11)14/h4-5,8H,1-3,6-7H2","NXFMIKZLLYDFIN-UHFFFAOYSA-N"
41614464,"N-{2-[(Trifluoromethyl)sulfanyl]phenyl}glycinamide",250.038773,"C9H9F3N2OS","c1ccc(c(c1)NC(=O)CN)SC(F)(F)F","InChI=1S/C9H9F3N2OS/c10-9(11,12)16-7-4-2-1-3-6(7)14-8(15)5-13/h1-4H,5,13H2,(H,14,15)","VENRSQACIKNBTA-UHFFFAOYSA-N"
41620648,"N-{4-[(Trifluoromethyl)sulfanyl]phenyl}glycinamide",250.038773,"C9H9F3N2OS","c1cc(ccc1NC(=O)CN)SC(F)(F)F","InChI=1S/C9H9F3N2OS/c10-9(11,12)16-7-3-1-6(2-4-7)14-8(15)5-13/h1-4H,5,13H2,(H,14,15)","GGKCCMFKSYGYLT-UHFFFAOYSA-N"
41692802,"(4-Chloro-3-methoxyphenyl)(5-methyl-2-furyl)methanone",250.039673,"C13H11ClO3","Cc1ccc(o1)C(=O)c2ccc(c(c2)OC)Cl","InChI=1S/C13H11ClO3/c1-8-3-6-11(17-8)13(15)9-4-5-10(14)12(7-9)16-2/h3-7H,1-2H3","LQLWRGYQJFVUHA-UHFFFAOYSA-N"
41692872,"(4-Chloro-3-methoxyphenyl)(5-methyl-3-furyl)methanone",250.039673,"C13H11ClO3","Cc1cc(co1)C(=O)c2ccc(c(c2)OC)Cl","InChI=1S/C13H11ClO3/c1-8-5-10(7-17-8)13(15)9-3-4-11(14)12(6-9)16-2/h3-7H,1-2H3","XTPZUTVKMPJWJN-UHFFFAOYSA-N"
41708758,"1-(4-Chloro-2-methoxyphenyl)-2-(2-furyl)ethanone",250.039673,"C13H11ClO3","COc1cc(ccc1C(=O)Cc2ccco2)Cl","InChI=1S/C13H11ClO3/c1-16-13-7-9(14)4-5-11(13)12(15)8-10-3-2-6-17-10/h2-7H,8H2,1H3","IDSXGAIUTIMXLE-UHFFFAOYSA-N"
41708768,"1-(5-Chloro-2-methoxyphenyl)-2-(2-furyl)ethanone",250.039673,"C13H11ClO3","COc1ccc(cc1C(=O)Cc2ccco2)Cl","InChI=1S/C13H11ClO3/c1-16-13-5-4-9(14)7-11(13)12(15)8-10-3-2-6-17-10/h2-7H,8H2,1H3","BBNWSVVDSWFILC-UHFFFAOYSA-N"
41708993,"1-(4-Chloro-2-methoxyphenyl)-2-(3-furyl)ethanone",250.039673,"C13H11ClO3","COc1cc(ccc1C(=O)Cc2ccoc2)Cl","InChI=1S/C13H11ClO3/c1-16-13-7-10(14)2-3-11(13)12(15)6-9-4-5-17-8-9/h2-5,7-8H,6H2,1H3","ZFWCWYTZTNNWER-UHFFFAOYSA-N"
41709000,"1-(5-Chloro-2-methoxyphenyl)-2-(3-furyl)ethanone",250.039673,"C13H11ClO3","COc1ccc(cc1C(=O)Cc2ccoc2)Cl","InChI=1S/C13H11ClO3/c1-16-13-3-2-10(14)7-11(13)12(15)6-9-4-5-17-8-9/h2-5,7-8H,6H2,1H3","RDUZYWRNFLGROI-UHFFFAOYSA-N"
41803781,"5-{[(3,3,3-Trifluoro-2-hydroxypropyl)amino]methyl}-3-thiophenecarbonitrile",250.038773,"C9H9F3N2OS","c1c(csc1CNCC(C(F)(F)F)O)C#N","InChI=1S/C9H9F3N2OS/c10-9(11,12)8(15)4-14-3-7-1-6(2-13)5-16-7/h1,5,8,14-15H,3-4H2","RICTWUGGGWZIPV-UHFFFAOYSA-N"
41805857,"5-{[(3,3,3-Trifluoro-2-hydroxypropyl)amino]methyl}-2-thiophenecarbonitrile",250.038773,"C9H9F3N2OS","c1cc(sc1CNCC(C(F)(F)F)O)C#N","InChI=1S/C9H9F3N2OS/c10-9(11,12)8(15)5-14-4-7-2-1-6(3-13)16-7/h1-2,8,14-15H,4-5H2","WZELLJWACNZYRO-UHFFFAOYSA-N"
41814589,"N~2~-[(2,4-Dichloro-1-methyl-1H-imidazol-5-yl)methyl]-N-methylglycinamide",250.038818,"C8H12Cl2N4O","CNC(=O)CNCc1c(nc(n1C)Cl)Cl","InChI=1S/C8H12Cl2N4O/c1-11-6(15)4-12-3-5-7(9)13-8(10)14(5)2/h12H,3-4H2,1-2H3,(H,11,15)","OCFIVKUXPOMBJK-UHFFFAOYSA-N"
41943412,"1-Methyl-3-[2-(trifluoromethoxy)phenyl]thiourea",250.038773,"C9H9F3N2OS","CNC(=S)Nc1ccccc1OC(F)(F)F","InChI=1S/C9H9F3N2OS/c1-13-8(16)14-6-4-2-3-5-7(6)15-9(10,11)12/h2-5H,1H3,(H2,13,14,16)","YSMVRFCUKXPOSW-UHFFFAOYSA-N"
41946497,"1-Methyl-3-[3-(trifluoromethoxy)phenyl]thiourea",250.038773,"C9H9F3N2OS","CNC(=S)Nc1cccc(c1)OC(F)(F)F","InChI=1S/C9H9F3N2OS/c1-13-8(16)14-6-3-2-4-7(5-6)15-9(10,11)12/h2-5H,1H3,(H2,13,14,16)","ISYYNDGEKQRONT-UHFFFAOYSA-N"
42070352,"5-(2-Chloro-4,5-dimethylphenyl)-2-furoic acid",250.039673,"C13H11ClO3","Cc1cc(c(cc1C)Cl)c2ccc(o2)C(=O)O","InChI=1S/C13H11ClO3/c1-7-5-9(10(14)6-8(7)2)11-3-4-12(17-11)13(15)16/h3-6H,1-2H3,(H,15,16)","FZKGQMVOTRUZCU-UHFFFAOYSA-N"
42075069,"5-[(1,1,1-Trifluoro-2-propanyl)oxy]-2-pyridinecarbothioamide",250.038773,"C9H9F3N2OS","CC(C(F)(F)F)Oc1ccc(nc1)C(=S)N","InChI=1S/C9H9F3N2OS/c1-5(9(10,11)12)15-6-2-3-7(8(13)16)14-4-6/h2-5H,1H3,(H2,13,16)","AWNUASAMFLICPI-UHFFFAOYSA-N"
42118795,"1-Bromo-3-[3-(ethylsulfanyl)propyl]cyclopentane",250.039078,"C10H19BrS","CCSCCCC1CCC(C1)Br","InChI=1S/C10H19BrS/c1-2-12-7-3-4-9-5-6-10(11)8-9/h9-10H,2-8H2,1H3","WVSPPXLJJKBCQE-UHFFFAOYSA-N"
42118797,"1-Bromo-3-[3-(methylsulfanyl)propyl]cyclohexane",250.039078,"C10H19BrS","CSCCCC1CCCC(C1)Br","InChI=1S/C10H19BrS/c1-12-7-3-5-9-4-2-6-10(11)8-9/h9-10H,2-8H2,1H3","JKOCVGJSHZDJEP-UHFFFAOYSA-N"
42118798,"1-Bromo-3-[2-(ethylsulfanyl)ethyl]cyclohexane",250.039078,"C10H19BrS","CCSCCC1CCCC(C1)Br","InChI=1S/C10H19BrS/c1-2-12-7-6-9-4-3-5-10(11)8-9/h9-10H,2-8H2,1H3","OMTCJKGZLUWSTG-UHFFFAOYSA-N"
42118802,"1-Bromo-3-[2-(methylsulfanyl)ethyl]cycloheptane",250.039078,"C10H19BrS","CSCCC1CCCCC(C1)Br","InChI=1S/C10H19BrS/c1-12-7-6-9-4-2-3-5-10(11)8-9/h9-10H,2-8H2,1H3","RWXJUBJEJFUBMZ-UHFFFAOYSA-N"
42118810,"[1-Bromo-6-(methylsulfanyl)hexyl]cyclopropane",250.039078,"C10H19BrS","CSCCCCCC(C1CC1)Br","InChI=1S/C10H19BrS/c1-12-8-4-2-3-5-10(11)9-6-7-9/h9-10H,2-8H2,1H3","MIJFTPUNHVONTD-UHFFFAOYSA-N"
42118853,"1-Bromo-2-methyl-3-[3-(methylsulfanyl)propyl]cyclopentane",250.039078,"C10H19BrS","CC1C(CCC1Br)CCCSC","InChI=1S/C10H19BrS/c1-8-9(4-3-7-12-2)5-6-10(8)11/h8-10H,3-7H2,1-2H3","HVXHZOSPKSRUKM-UHFFFAOYSA-N"
42118854,"1-Bromo-3-[2-(ethylsulfanyl)ethyl]-2-methylcyclopentane",250.039078,"C10H19BrS","CCSCCC1CCC(C1C)Br","InChI=1S/C10H19BrS/c1-3-12-7-6-9-4-5-10(11)8(9)2/h8-10H,3-7H2,1-2H3","ZYIIGHWJIFHHGP-UHFFFAOYSA-N"
42121694,"1-(Bromomethyl)-1-[3-(ethylsulfanyl)propyl]cyclobutane",250.039078,"C10H19BrS","CCSCCCC1(CCC1)CBr","InChI=1S/C10H19BrS/c1-2-12-8-4-7-10(9-11)5-3-6-10/h2-9H2,1H3","OLZWGCVDUKBTGB-UHFFFAOYSA-N"
42121701,"1-(Bromomethyl)-1-[2-(methylsulfanyl)ethyl]cyclohexane",250.039078,"C10H19BrS","CSCCC1(CCCCC1)CBr","InChI=1S/C10H19BrS/c1-12-8-7-10(9-11)5-3-2-4-6-10/h2-9H2,1H3","GMSNGTAOGSKFRB-UHFFFAOYSA-N"
42121704,"1-(Bromomethyl)-1-[2-(ethylsulfanyl)ethyl]cyclopentane",250.039078,"C10H19BrS","CCSCCC1(CCCC1)CBr","InChI=1S/C10H19BrS/c1-2-12-8-7-10(9-11)5-3-4-6-10/h2-9H2,1H3","RIHAKZAWVOZTIF-UHFFFAOYSA-N"
42121707,"1-(Bromomethyl)-1-[3-(methylsulfanyl)propyl]cyclopentane",250.039078,"C10H19BrS","CSCCCC1(CCCC1)CBr","InChI=1S/C10H19BrS/c1-12-8-4-7-10(9-11)5-2-3-6-10/h2-9H2,1H3","WNIDASDZYHVMHF-UHFFFAOYSA-N"
42121936,"[1-Bromo-4-(ethylsulfanyl)-2-methyl-2-butanyl]cyclopropane",250.039078,"C10H19BrS","CCSCCC(C)(CBr)C1CC1","InChI=1S/C10H19BrS/c1-3-12-7-6-10(2,8-11)9-4-5-9/h9H,3-8H2,1-2H3","CVLVZNZOKLGVGI-UHFFFAOYSA-N"
42121939,"[1-Bromo-2-methyl-5-(methylsulfanyl)-2-pentanyl]cyclopropane",250.039078,"C10H19BrS","CC(CCCSC)(CBr)C1CC1","InChI=1S/C10H19BrS/c1-10(8-11,9-4-5-9)6-3-7-12-2/h9H,3-8H2,1-2H3","CAIMNLDUNZXYBJ-UHFFFAOYSA-N"
42121953,"[1-Bromo-4-(methylsulfanyl)-2-butanyl]cyclopentane",250.039078,"C10H19BrS","CSCCC(CBr)C1CCCC1","InChI=1S/C10H19BrS/c1-12-7-6-10(8-11)9-4-2-3-5-9/h9-10H,2-8H2,1H3","TVJVAHKKVCVOHD-UHFFFAOYSA-N"
42129763,"2-[(4,6-Dichloro-1,3,5-triazin-2-yl)(methyl)amino]-2-methyl-1-propanol",250.038818,"C8H12Cl2N4O","CC(C)(CO)N(C)c1nc(nc(n1)Cl)Cl","InChI=1S/C8H12Cl2N4O/c1-8(2,4-15)14(3)7-12-5(9)11-6(10)13-7/h15H,4H2,1-3H3","VLMLXXDFKYDASZ-UHFFFAOYSA-N"
42129766,"2-[(3,6-Dichloro-1,2,4-triazin-5-yl)(methyl)amino]-2-methyl-1-propanol",250.038818,"C8H12Cl2N4O","CC(C)(CO)N(C)c1c(nnc(n1)Cl)Cl","InChI=1S/C8H12Cl2N4O/c1-8(2,4-15)14(3)6-5(9)12-13-7(10)11-6/h15H,4H2,1-3H3","PBBHCUQZEGUWKK-UHFFFAOYSA-N"
42145863,"4,6-Dichloro-N-(2-ethoxypropyl)-1,3,5-triazin-2-amine",250.038818,"C8H12Cl2N4O","CCOC(C)CNc1nc(nc(n1)Cl)Cl","InChI=1S/C8H12Cl2N4O/c1-3-15-5(2)4-11-8-13-6(9)12-7(10)14-8/h5H,3-4H2,1-2H3,(H,11,12,13,14)","NEIQCQFALVMIGP-UHFFFAOYSA-N"
42145865,"3,6-Dichloro-N-(2-ethoxypropyl)-1,2,4-triazin-5-amine",250.038818,"C8H12Cl2N4O","CCOC(C)CNc1c(nnc(n1)Cl)Cl","InChI=1S/C8H12Cl2N4O/c1-3-15-5(2)4-11-7-6(9)13-14-8(10)12-7/h5H,3-4H2,1-2H3,(H,11,12,14)","XIWZBUMOXOBIFB-UHFFFAOYSA-N"
42188523,"(5-Chloro-1-benzofuran-2-yl)(tetrahydro-3-furanyl)methanone",250.039673,"C13H11ClO3","c1cc2c(cc1Cl)cc(o2)C(=O)C3CCOC3","InChI=1S/C13H11ClO3/c14-10-1-2-11-9(5-10)6-12(17-11)13(15)8-3-4-16-7-8/h1-2,5-6,8H,3-4,7H2","SHQDEORGGQWDDJ-UHFFFAOYSA-N"
42188532,"(4-Chloro-1-benzofuran-2-yl)(tetrahydro-3-furanyl)methanone",250.039673,"C13H11ClO3","c1cc2c(cc(o2)C(=O)C3CCOC3)c(c1)Cl","InChI=1S/C13H11ClO3/c14-10-2-1-3-11-9(10)6-12(17-11)13(15)8-4-5-16-7-8/h1-3,6,8H,4-5,7H2","BRULEFLLLMODRZ-UHFFFAOYSA-N"
42188534,"(7-Chloro-1-benzofuran-2-yl)(tetrahydro-3-furanyl)methanone",250.039673,"C13H11ClO3","c1cc2cc(oc2c(c1)Cl)C(=O)C3CCOC3","InChI=1S/C13H11ClO3/c14-10-3-1-2-8-6-11(17-13(8)10)12(15)9-4-5-16-7-9/h1-3,6,9H,4-5,7H2","AVHFKYGTWGVNFU-UHFFFAOYSA-N"
42197319,"3-[(3,6-Dichloro-1,2,4-triazin-5-yl)amino]-2-methyl-1-butanol",250.038818,"C8H12Cl2N4O","CC(CO)C(C)Nc1c(nnc(n1)Cl)Cl","InChI=1S/C8H12Cl2N4O/c1-4(3-15)5(2)11-7-6(9)13-14-8(10)12-7/h4-5,15H,3H2,1-2H3,(H,11,12,14)","SZOPDURDIIOEKF-UHFFFAOYSA-N"
42197325,"3-[(4,6-Dichloro-1,3,5-triazin-2-yl)amino]-2-methyl-1-butanol",250.038818,"C8H12Cl2N4O","CC(CO)C(C)Nc1nc(nc(n1)Cl)Cl","InChI=1S/C8H12Cl2N4O/c1-4(3-15)5(2)11-8-13-6(9)12-7(10)14-8/h4-5,15H,3H2,1-2H3,(H,11,12,13,14)","URBPPIZWOBGWSE-UHFFFAOYSA-N"
42238089,"1-[(3,6-Dichloro-1,2,4-triazin-5-yl)amino]-3-methyl-2-butanol",250.038818,"C8H12Cl2N4O","CC(C)C(CNc1c(nnc(n1)Cl)Cl)O","InChI=1S/C8H12Cl2N4O/c1-4(2)5(15)3-11-7-6(9)13-14-8(10)12-7/h4-5,15H,3H2,1-2H3,(H,11,12,14)","POYHWRARVWFXJN-UHFFFAOYSA-N"
42238090,"1-[(4,6-Dichloro-1,3,5-triazin-2-yl)amino]-3-methyl-2-butanol",250.038818,"C8H12Cl2N4O","CC(C)C(CNc1nc(nc(n1)Cl)Cl)O","InChI=1S/C8H12Cl2N4O/c1-4(2)5(15)3-11-8-13-6(9)12-7(10)14-8/h4-5,15H,3H2,1-2H3,(H,11,12,13,14)","IWBQYMHPWSZFCP-UHFFFAOYSA-N"
42264896,"3-[(3,6-Dichloro-1,2,4-triazin-5-yl)amino]-1-pentanol",250.038818,"C8H12Cl2N4O","CCC(CCO)Nc1c(nnc(n1)Cl)Cl","InChI=1S/C8H12Cl2N4O/c1-2-5(3-4-15)11-7-6(9)13-14-8(10)12-7/h5,15H,2-4H2,1H3,(H,11,12,14)","OWYKBZNBGQCHFI-UHFFFAOYSA-N"
42264897,"3-[(4,6-Dichloro-1,3,5-triazin-2-yl)amino]-1-pentanol",250.038818,"C8H12Cl2N4O","CCC(CCO)Nc1nc(nc(n1)Cl)Cl","InChI=1S/C8H12Cl2N4O/c1-2-5(3-4-15)11-8-13-6(9)12-7(10)14-8/h5,15H,2-4H2,1H3,(H,11,12,13,14)","LWWSXCSGAXZENJ-UHFFFAOYSA-N"
42264944,"1-[(3,6-Dichloro-1,2,4-triazin-5-yl)amino]-2-pentanol",250.038818,"C8H12Cl2N4O","CCCC(CNc1c(nnc(n1)Cl)Cl)O","InChI=1S/C8H12Cl2N4O/c1-2-3-5(15)4-11-7-6(9)13-14-8(10)12-7/h5,15H,2-4H2,1H3,(H,11,12,14)","NRNHTBRWSSSMKD-UHFFFAOYSA-N"
42264945,"1-[(4,6-Dichloro-1,3,5-triazin-2-yl)amino]-2-pentanol",250.038818,"C8H12Cl2N4O","CCCC(CNc1nc(nc(n1)Cl)Cl)O","InChI=1S/C8H12Cl2N4O/c1-2-3-5(15)4-11-8-13-6(9)12-7(10)14-8/h5,15H,2-4H2,1H3,(H,11,12,13,14)","ZLKABLBBIINCGI-UHFFFAOYSA-N"
42276163,"1-[(3,6-Dichloro-1,2,4-triazin-5-yl)amino]-3-pentanol",250.038818,"C8H12Cl2N4O","CCC(CCNc1c(nnc(n1)Cl)Cl)O","InChI=1S/C8H12Cl2N4O/c1-2-5(15)3-4-11-7-6(9)13-14-8(10)12-7/h5,15H,2-4H2,1H3,(H,11,12,14)","YKDPKTXWSWVSOS-UHFFFAOYSA-N"
42276164,"1-[(4,6-Dichloro-1,3,5-triazin-2-yl)amino]-3-pentanol",250.038818,"C8H12Cl2N4O","CCC(CCNc1nc(nc(n1)Cl)Cl)O","InChI=1S/C8H12Cl2N4O/c1-2-5(15)3-4-11-8-13-6(9)12-7(10)14-8/h5,15H,2-4H2,1H3,(H,11,12,13,14)","ZABKBEUUOYWBQZ-UHFFFAOYSA-N"
42291878,"4-[(3,6-Dichloro-1,2,4-triazin-5-yl)(methyl)amino]-2-butanol",250.038818,"C8H12Cl2N4O","CC(CCN(C)c1c(nnc(n1)Cl)Cl)O","InChI=1S/C8H12Cl2N4O/c1-5(15)3-4-14(2)7-6(9)12-13-8(10)11-7/h5,15H,3-4H2,1-2H3","VIIDXANRRIIPCV-UHFFFAOYSA-N"
42291879,"4-[(4,6-Dichloro-1,3,5-triazin-2-yl)(methyl)amino]-2-butanol",250.038818,"C8H12Cl2N4O","CC(CCN(C)c1nc(nc(n1)Cl)Cl)O","InChI=1S/C8H12Cl2N4O/c1-5(15)3-4-14(2)8-12-6(9)11-7(10)13-8/h5,15H,3-4H2,1-2H3","HBIARALQNPLOJW-UHFFFAOYSA-N"
42391829,"(3-Chlorophenyl)[5-(methoxymethyl)-2-furyl]methanone",250.039673,"C13H11ClO3","COCc1ccc(o1)C(=O)c2cccc(c2)Cl","InChI=1S/C13H11ClO3/c1-16-8-11-5-6-12(17-11)13(15)9-3-2-4-10(14)7-9/h2-7H,8H2,1H3","GNDSKQZTCUNFHX-UHFFFAOYSA-N"
42391892,"(4-Chlorophenyl)[5-(methoxymethyl)-2-furyl]methanone",250.039673,"C13H11ClO3","COCc1ccc(o1)C(=O)c2ccc(cc2)Cl","InChI=1S/C13H11ClO3/c1-16-8-11-6-7-12(17-11)13(15)9-2-4-10(14)5-3-9/h2-7H,8H2,1H3","VOBQODMROMJRJQ-UHFFFAOYSA-N"
42391923,"(2-Chlorophenyl)[5-(methoxymethyl)-2-furyl]methanone",250.039673,"C13H11ClO3","COCc1ccc(o1)C(=O)c2ccccc2Cl","InChI=1S/C13H11ClO3/c1-16-8-9-6-7-12(17-9)13(15)10-4-2-3-5-11(10)14/h2-7H,8H2,1H3","AGWBPSCYPKEHFM-UHFFFAOYSA-N"
42443907,"3-[(4,6-Dichloro-1,3,5-triazin-2-yl)(ethyl)amino]-1-propanol",250.038818,"C8H12Cl2N4O","CCN(CCCO)c1nc(nc(n1)Cl)Cl","InChI=1S/C8H12Cl2N4O/c1-2-14(4-3-5-15)8-12-6(9)11-7(10)13-8/h15H,2-5H2,1H3","LPNLEJLXQHHFQB-UHFFFAOYSA-N"
42443926,"3-[(3,6-Dichloro-1,2,4-triazin-5-yl)(ethyl)amino]-1-propanol",250.038818,"C8H12Cl2N4O","CCN(CCCO)c1c(nnc(n1)Cl)Cl","InChI=1S/C8H12Cl2N4O/c1-2-14(4-3-5-15)7-6(9)12-13-8(10)11-7/h15H,2-5H2,1H3","MEKHIAJDIWMDAW-UHFFFAOYSA-N"
42462321,"3,6-Dichloro-N-(1-methoxy-2-methyl-2-propanyl)-1,2,4-triazin-5-amine",250.038818,"C8H12Cl2N4O","CC(C)(COC)Nc1c(nnc(n1)Cl)Cl","InChI=1S/C8H12Cl2N4O/c1-8(2,4-15-3)12-6-5(9)13-14-7(10)11-6/h4H2,1-3H3,(H,11,12,14)","RQBWSOIDZBFEPH-UHFFFAOYSA-N"
42462361,"4,6-Dichloro-N-(1-methoxy-2-methyl-2-propanyl)-1,3,5-triazin-2-amine",250.038818,"C8H12Cl2N4O","CC(C)(COC)Nc1nc(nc(n1)Cl)Cl","InChI=1S/C8H12Cl2N4O/c1-8(2,4-15-3)14-7-12-5(9)11-6(10)13-7/h4H2,1-3H3,(H,11,12,13,14)","UYYLPEAUWNQTQS-UHFFFAOYSA-N"
42492833,"1-Bromo-2-[3-(ethylsulfanyl)propyl]cyclopentane",250.039078,"C10H19BrS","CCSCCCC1CCCC1Br","InChI=1S/C10H19BrS/c1-2-12-8-4-6-9-5-3-7-10(9)11/h9-10H,2-8H2,1H3","YFLHBCJWLLRJFO-UHFFFAOYSA-N"
42492863,"1-Bromo-2-[2-(ethylsulfanyl)ethyl]cyclohexane",250.039078,"C10H19BrS","CCSCCC1CCCCC1Br","InChI=1S/C10H19BrS/c1-2-12-8-7-9-5-3-4-6-10(9)11/h9-10H,2-8H2,1H3","JOAHXGSJSLOQFZ-UHFFFAOYSA-N"
42492864,"1-Bromo-2-[3-(methylsulfanyl)propyl]cyclohexane",250.039078,"C10H19BrS","CSCCCC1CCCCC1Br","InChI=1S/C10H19BrS/c1-12-8-4-6-9-5-2-3-7-10(9)11/h9-10H,2-8H2,1H3","HKDMSKAJBYAYJS-UHFFFAOYSA-N"
42492870,"1-Bromo-2-[2-(methylsulfanyl)ethyl]cycloheptane",250.039078,"C10H19BrS","CSCCC1CCCCCC1Br","InChI=1S/C10H19BrS/c1-12-8-7-9-5-3-2-4-6-10(9)11/h9-10H,2-8H2,1H3","CYDMHVVXUXRIQL-UHFFFAOYSA-N"
42492886,"1-Bromo-4-methyl-2-[2-(methylsulfanyl)ethyl]cyclohexane",250.039078,"C10H19BrS","CC1CCC(C(C1)CCSC)Br","InChI=1S/C10H19BrS/c1-8-3-4-10(11)9(7-8)5-6-12-2/h8-10H,3-7H2,1-2H3","RYXNIGCTBKNQNH-UHFFFAOYSA-N"
42492936,"[1-Bromo-5-(ethylsulfanyl)pentyl]cyclopropane",250.039078,"C10H19BrS","CCSCCCCC(C1CC1)Br","InChI=1S/C10H19BrS/c1-2-12-8-4-3-5-10(11)9-6-7-9/h9-10H,2-8H2,1H3","VSOYSRVHLLRCEQ-UHFFFAOYSA-N"
42492965,"[1-Bromo-4-(methylsulfanyl)butyl]cyclopentane",250.039078,"C10H19BrS","CSCCCC(C1CCCC1)Br","InChI=1S/C10H19BrS/c1-12-8-4-7-10(11)9-5-2-3-6-9/h9-10H,2-8H2,1H3","HZMRZBGEHLKQGZ-UHFFFAOYSA-N"
42527796,"N~3~-[(2,4-Dichloro-1-methyl-1H-imidazol-5-yl)methyl]-beta-alaninamide",250.038818,"C8H12Cl2N4O","Cn1c(c(nc1Cl)Cl)CNCCC(=O)N","InChI=1S/C8H12Cl2N4O/c1-14-5(7(9)13-8(14)10)4-12-3-2-6(11)15/h12H,2-4H2,1H3,(H2,11,15)","LDXKCFRMNYGDLT-UHFFFAOYSA-N"
42578117,"3-[(3,6-Dichloro-1,2,4-triazin-5-yl)amino]-3-methyl-1-butanol",250.038818,"C8H12Cl2N4O","CC(C)(CCO)Nc1c(nnc(n1)Cl)Cl","InChI=1S/C8H12Cl2N4O/c1-8(2,3-4-15)12-6-5(9)13-14-7(10)11-6/h15H,3-4H2,1-2H3,(H,11,12,14)","ZDBFEPUKJSQPNW-UHFFFAOYSA-N"
42578118,"3-[(4,6-Dichloro-1,3,5-triazin-2-yl)amino]-3-methyl-1-butanol",250.038818,"C8H12Cl2N4O","CC(C)(CCO)Nc1nc(nc(n1)Cl)Cl","InChI=1S/C8H12Cl2N4O/c1-8(2,3-4-15)14-7-12-5(9)11-6(10)13-7/h15H,3-4H2,1-2H3,(H,11,12,13,14)","YUDUKXDGQACLET-UHFFFAOYSA-N"
42596153,"3-[(3,6-Dichloro-1,2,4-triazin-5-yl)amino]-3-methyl-2-butanol",250.038818,"C8H12Cl2N4O","CC(C(C)(C)Nc1c(nnc(n1)Cl)Cl)O","InChI=1S/C8H12Cl2N4O/c1-4(15)8(2,3)12-6-5(9)13-14-7(10)11-6/h4,15H,1-3H3,(H,11,12,14)","QFURQPFPZKISPK-UHFFFAOYSA-N"
42596154,"3-[(4,6-Dichloro-1,3,5-triazin-2-yl)amino]-3-methyl-2-butanol",250.038818,"C8H12Cl2N4O","CC(C(C)(C)Nc1nc(nc(n1)Cl)Cl)O","InChI=1S/C8H12Cl2N4O/c1-4(15)8(2,3)14-7-12-5(9)11-6(10)13-7/h4,15H,1-3H3,(H,11,12,13,14)","CIPMLLJBNLHHKT-UHFFFAOYSA-N"
42776751,"3-Bromo-1-methyl-1-[3-(methylsulfanyl)propyl]cyclopentane",250.039078,"C10H19BrS","CC1(CCC(C1)Br)CCCSC","InChI=1S/C10H19BrS/c1-10(5-3-7-12-2)6-4-9(11)8-10/h9H,3-8H2,1-2H3","XRDXOSDGGABJKO-UHFFFAOYSA-N"
42777032,"3-Bromo-1-[2-(ethylsulfanyl)ethyl]-1-methylcyclopentane",250.039078,"C10H19BrS","CCSCCC1(CCC(C1)Br)C","InChI=1S/C10H19BrS/c1-3-12-7-6-10(2)5-4-9(11)8-10/h9H,3-8H2,1-2H3","FDOOVJOPRBBKLP-UHFFFAOYSA-N"
42981689,"7-Chloro-3-cyclopropyl-5-methyl-1-benzofuran-2-carboxylic acid",250.039673,"C13H11ClO3","Cc1cc2c(c(oc2c(c1)Cl)C(=O)O)C3CC3","InChI=1S/C13H11ClO3/c1-6-4-8-10(7-2-3-7)12(13(15)16)17-11(8)9(14)5-6/h4-5,7H,2-3H2,1H3,(H,15,16)","VAOXJIYPTTYNCC-UHFFFAOYSA-N"
42981731,"4-Chloro-3-cyclopropyl-7-methyl-1-benzofuran-2-carboxylic acid",250.039673,"C13H11ClO3","Cc1ccc(c2c1oc(c2C3CC3)C(=O)O)Cl","InChI=1S/C13H11ClO3/c1-6-2-5-8(14)10-9(7-3-4-7)12(13(15)16)17-11(6)10/h2,5,7H,3-4H2,1H3,(H,15,16)","BRPWHXIIMVOTSB-UHFFFAOYSA-N"
