"SourceFile","ChallengeName","PRECURSOR_MZ","ION_MODE","RT","nPeaks","NAME","SMILES","INCHI","INCHIKEY","CSID","PC_CID"
"XX834151","Challenge-001",222.023," NEGATIVE",0.803,5,"5-Aminonaphthalene-2-sulfonic acid","NC1=C2C=CC(=CC2=CC=C1)S(O)(=O)=O","InChI=1S/C10H9NO3S/c11-10-3-1-2-7-6-8(15(12,13)14)4-5-9(7)10/h1-6H,11H2,(H,12,13,14)","UWPJYQYRSWYIGZ-UHFFFAOYSA-N",8101,8408
"XX867751","Challenge-002",286.969," NEGATIVE",1.964,6,"2,7-Naphthalenedisulfonic acid","OS(=O)(=O)c1ccc2ccc(cc2c1)S(O)(=O)=O","InChI=1S/C10H8O6S2/c11-17(12,13)9-3-1-7-2-4-10(18(14,15)16)6-8(7)5-9/h1-6H,(H,11,12,13)(H,14,15,16)","VILFVXYKHXVYAB-UHFFFAOYSA-N",60073,66707
"XX833051","Challenge-003",223.0071," NEGATIVE",2.371,5,"1-Naphthol-5-sulfonic acid","OC1=CC=CC2=C(C=CC=C12)S(O)(=O)=O","InChI=1S/C10H8O4S/c11-9-5-1-4-8-7(9)3-2-6-10(8)15(12,13)14/h1-6,11H,(H,12,13,14)","YLKCHWCYYNKADS-UHFFFAOYSA-N",60378,67025
"XX845151","Challenge-004",189.9468," NEGATIVE",2.379,2,"Clopyralid","OC(=O)c1nc(Cl)ccc1Cl","InChI=1S/C6H3Cl2NO2/c7-3-1-2-4(8)9-5(3)6(10)11/h1-2H,(H,10,11)","HUBANNPOLNYSAD-UHFFFAOYSA-N",14797,15553
"XX832851","Challenge-005",276.0309," NEGATIVE",3.705,7,"Azathioprine","CN1C=NC(=C1SC1=C2NC=NC2=NC=N1)[N+]([O-])=O","InChI=1S/C9H7N7O2S/c1-15-4-14-7(16(17)18)9(15)19-8-5-6(11-2-10-5)12-3-13-8/h2-4H,1H3,(H,10,11,12,13)","LMEKQMALGUDUQG-UHFFFAOYSA-N",2178,2265
"XX862251","Challenge-006",194.0459," NEGATIVE",3.869,5,"N-Acetyl Mesalazine","CC(=O)NC1=CC=C(O)C(=C1)C(O)=O","InChI=1S/C9H9NO4/c1-5(11)10-6-2-3-8(12)7(4-6)9(13)14/h2-4,12H,1H3,(H,10,11)(H,13,14)","GEFDRROBUCULOD-UHFFFAOYSA-N",58958,65512
"XX861951","Challenge-007",216.07," NEGATIVE",5.838,6,"Captopril","C[C@H](CS)C(=O)N1CCC[C@H]1C(O)=O","InChI=1S/C9H15NO3S/c1-6(5-14)8(11)10-4-2-3-7(10)9(12)13/h6-7,14H,2-5H2,1H3,(H,12,13)/t6-,7+/m1/s1","FAKRSMQSSFJEIM-RQJHMYQMSA-N",40130,44093
"XX832751","Challenge-008",351.0722," NEGATIVE",5.946,10,"4-Methylumbelliferyl glucuronide","CC1=CC(=O)OC2=CC(O[C@@H]3O[C@@H]([C@H](O)[C@H](O)[C@H]3O)C(O)=O)=CC=C12","InChI=1S/C16H16O9/c1-6-4-10(17)24-9-5-7(2-3-8(6)9)23-16-13(20)11(18)12(19)14(25-16)15(21)22/h2-5,11-14,16,18-20H,1H3,(H,21,22)/t11-,12+,13+,14-,16+/m0/s1","ARQXEQLMMNGFDU-SQCNAZHOSA-N",2015562,2733792
"XX845551","Challenge-009",248.0014," NEGATIVE",5.97,13,"Clothianidin","CN=C(NCC1=CN=C(Cl)S1)N[N+]([O-])=O","InChI=1S/C6H8ClN5O2S/c1-8-6(11-12(13)14)10-3-4-2-9-5(7)15-4/h2H,3H2,1H3,(H2,8,10,11)","PGOOBECODWQEAB-UHFFFAOYSA-N",184723,213027
"XX882651","Challenge-010",213.9638," NEGATIVE",6.954,3,"2-Benzothiazolesulfonic acid","OS(=O)(=O)C1=NC2=CC=CC=C2S1","InChI=1S/C7H5NO3S2/c9-13(10,11)7-8-5-3-1-2-4-6(5)12-7/h1-4H,(H,9,10,11)","ZCXGMSGCBDSEOY-UHFFFAOYSA-N",28443,30647
"XX859851","Challenge-011",305.0968," NEGATIVE",7.17,6,"Fluconazole","OC(Cn1cncn1)(Cn1cncn1)c1ccc(F)cc1F","InChI=1S/C13H12F2N6O/c14-10-1-2-11(12(15)3-10)13(22,4-20-8-16-6-18-20)5-21-9-17-7-19-21/h1-3,6-9,22H,4-5H2","RFHAOTPXVQNOHP-UHFFFAOYSA-N",3248,3365
"XX818851","Challenge-012",327.1714," NEGATIVE",7.247,20,"Labetalol","CC(CCC1=CC=CC=C1)NCC(O)C1=CC(C(N)=O)=C(O)C=C1","InChI=1S/C19H24N2O3/c1-13(7-8-14-5-3-2-4-6-14)21-12-18(23)15-9-10-17(22)16(11-15)19(20)24/h2-6,9-11,13,18,21-23H,7-8,12H2,1H3,(H2,20,24)","SGUAFYQXFOLMHL-UHFFFAOYSA-N",3734,3869
"XX850551","Challenge-013",469.159," NEGATIVE",7.348,22,"7-Hydroxymethotrexat","CN(CC1=Nc2c(N)nc(N)nc2NC1=O)c1ccc(cc1)C(=O)NC(CCC(O)=O)C(O)=O","InChI=1S/C20H22N8O6/c1-28(8-12-18(32)26-16-14(23-12)15(21)25-20(22)27-16)10-4-2-9(3-5-10)17(31)24-11(19(33)34)6-7-13(29)30/h2-5,11H,6-8H2,1H3,(H,24,31)(H,29,30)(H,33,34)(H5,21,22,25,26,27,32)","HODZDDDNGRLGSI-UHFFFAOYSA-N",4532295,5385077
"XX854355","Challenge-014",195.0463," NEGATIVE",7.644,3,"4-Fluorobenzoylpropionic acid","OC(=O)CCC(=O)C1=CC=C(F)C=C1","InChI=1S/C10H9FO3/c11-8-3-1-7(2-4-8)9(12)5-6-10(13)14/h1-4H,5-6H2,(H,13,14)","WUYWHIAAQYQKPP-UHFFFAOYSA-N",91589,101359
"XX858951","Challenge-015",294.0554," NEGATIVE",7.722,5,"N4-Acetylsulfamethoxazole","CC(=O)NC1=CC=C(C=C1)S(=O)(=O)NC1=NOC(C)=C1","InChI=1S/C12H13N3O4S/c1-8-7-12(14-19-8)15-20(17,18)11-5-3-10(4-6-11)13-9(2)16/h3-7H,1-2H3,(H,13,16)(H,14,15)","GXPIUNZCALHVBA-UHFFFAOYSA-N",58771,65280
"XX851751","Challenge-016",424.1546," NEGATIVE",7.75,7,"Domperidone","ClC1=CC2=C(C=C1)N(C1CCN(CCCN3C(=O)NC4=C3C=CC=C4)CC1)C(=O)N2","InChI=1S/C22H24ClN5O2/c23-15-6-7-20-18(14-15)25-22(30)28(20)16-8-12-26(13-9-16)10-3-11-27-19-5-2-1-4-17(19)24-21(27)29/h1-2,4-7,14,16H,3,8-13H2,(H,24,29)(H,25,30)","FGXWKSZFVQUSTL-UHFFFAOYSA-N",3039,3151
"XX854253","Challenge-017",309.0663," NEGATIVE",7.996,6,"Sulfadimethoxine ","COC1=CC(NS(=O)(=O)C2=CC=C(N)C=C2)=NC(OC)=N1","InChI=1S/C12H14N4O4S/c1-19-11-7-10(14-12(15-11)20-2)16-21(17,18)9-5-3-8(13)4-6-9/h3-7H,13H2,1-2H3,(H,14,15,16)","ZZORFUFYDOWNEF-UHFFFAOYSA-N",5132,5323
"XX832451","Challenge-018",254.9969," NEGATIVE",8.138,5,"4-Methylumbelliferyl sulfate","CC1=CC(=O)OC2=CC(OS(O)(=O)=O)=CC=C12","InChI=1S/C10H8O6S/c1-6-4-10(11)15-9-5-7(2-3-8(6)9)16-17(12,13)14/h2-5H,1H3,(H,12,13,14)","FUYLLJCBCKRIAL-UHFFFAOYSA-N",76536,84843
"XX833453","Challenge-019",344.1074," NEGATIVE",8.138,4,"Omeprazole","COC1=CC=C2N=C(NC2=C1)S(=O)CC1=NC=C(C)C(OC)=C1C","InChI=1S/C17H19N3O3S/c1-10-8-18-15(11(2)16(10)23-4)9-24(21)17-19-13-6-5-12(22-3)7-14(13)20-17/h5-8H,9H2,1-4H3,(H,19,20)","SUBDBMMJDZJVOS-UHFFFAOYSA-N",4433,4594
"XX823251","Challenge-020",193.0506," NEGATIVE",8.186,7,"Monoethyl phthalate","CCOC(=O)C1=CC=CC=C1C(O)=O","InChI=1S/C10H10O4/c1-2-14-10(13)8-6-4-3-5-7(8)9(11)12/h3-6H,2H2,1H3,(H,11,12)","YWWHKOHZGJFMIE-UHFFFAOYSA-N",67856,75318
"XX861651","Challenge-021",375.1925," NEGATIVE",8.189,8,"Enalapril","CCOC(=O)[C@H](CCc1ccccc1)N[C@@H](C)C(=O)N1CCC[C@H]1C(O)=O","InChI=1S/C20H28N2O5/c1-3-27-20(26)16(12-11-15-8-5-4-6-9-15)21-14(2)18(23)22-13-7-10-17(22)19(24)25/h4-6,8-9,14,16-17,21H,3,7,10-13H2,1-2H3,(H,24,25)/t14-,16-,17-/m0/s1","GBXSMTUPTTWBMN-XIRDDKMYSA-N",4534998,5388962
"XX865051","Challenge-022",170.9451," NEGATIVE",8.428,2,"4-Bromophenol","Oc1ccc(Br)cc1","InChI=1S/C6H5BrO/c7-5-1-3-6(8)4-2-5/h1-4,8H","GZFGOTFRPZRKDS-UHFFFAOYSA-N",13842573,7808
"XX858353","Challenge-023",251.0826," NEGATIVE",8.487,6,"2-Hydroxycarbamazepine","NC(=O)N1c2ccccc2CC(=O)c2ccccc12","InChI=1S/C15H12N2O2/c16-15(19)17-12-7-3-1-5-10(12)9-14(18)11-6-2-4-8-13(11)17/h1-8H,9H2,(H2,16,19)","CTRLABGOLIVAIY-UHFFFAOYSA-N",31608,34312
"XX852853","Challenge-024",487.2133," NEGATIVE",8.499,16,"Vardenafil","CCCC1=NC(C)=C2N1NC(=NC2=O)C1=CC(=CC=C1OCC)S(=O)(=O)N1CCN(CC)CC1","InChI=1S/C23H32N6O4S/c1-5-8-20-24-16(4)21-23(30)25-22(26-29(20)21)18-15-17(9-10-19(18)33-7-3)34(31,32)28-13-11-27(6-2)12-14-28/h9-10,15H,5-8,11-14H2,1-4H3,(H,25,26,30)","SECKRCOLJRRGGV-UHFFFAOYSA-N",99300,110634
"XX853653","Challenge-025",472.1588," NEGATIVE",8.649,28,"Raloxifene","Oc1ccc(cc1)-c1sc2cc(O)ccc2c1C(=O)c1ccc(OCCN2CCCCC2)cc1","InChI=1S/C28H27NO4S/c30-21-8-4-20(5-9-21)28-26(24-13-10-22(31)18-25(24)34-28)27(32)19-6-11-23(12-7-19)33-17-16-29-14-2-1-3-15-29/h4-13,18,30-31H,1-3,14-17H2","GZUITABIAKMVPG-UHFFFAOYSA-N",4859,5035
"XX825651","Challenge-026",211.9716," NEGATIVE",8.72,2,"4'-Bromacetanilide","CC(=O)NC1=CC=C(Br)C=C1","InChI=1S/C8H8BrNO/c1-6(11)10-8-4-2-7(9)3-5-8/h2-5H,1H3,(H,10,11)","MSLICLMCQYQNPK-UHFFFAOYSA-N",7399,7683
"XX833151","Challenge-027",245.0455," NEGATIVE",8.846,13,"2,2',4,4'-Tetrahydroxybenzophenone ","OC1=CC(O)=C(C=C1)C(=O)C1=C(O)C=C(O)C=C1","InChI=1S/C13H10O5/c14-7-1-3-9(11(16)5-7)13(18)10-4-2-8(15)6-12(10)17/h1-6,14-17H","WXNRYSGJLQFHBR-UHFFFAOYSA-N",8253,8571
"XX863551","Challenge-028",165.0557," NEGATIVE",8.93,4,"Ethylparaben","CCOC(=O)c1ccc(O)cc1","InChI=1S/C9H10O3/c1-2-12-9(11)7-3-5-8(10)6-4-7/h3-6,10H,2H2,1H3","NUVBSKCKDOMJSU-UHFFFAOYSA-N",13846749,8434
"XX805752","Challenge-029",218.9312," NEGATIVE",9.312,2,"4-Iodphenol","OC1=CC=C(I)C=C1","InChI=1S/C6H5IO/c7-5-1-3-6(8)4-2-5/h1-4,8H","VSMDINRNYYEDRN-UHFFFAOYSA-N",10432,10894
"XX853455","Challenge-030",294.0884," NEGATIVE",9.737,3,"Mebendazole","COC(=O)Nc1nc2ccc(cc2[nH]1)C(=O)c1ccccc1","InChI=1S/C16H13N3O3/c1-22-16(21)19-15-17-12-8-7-11(9-13(12)18-15)14(20)10-5-3-2-4-6-10/h2-9H,1H3,(H2,17,18,19,21)","OPXLLQIJSORQAM-UHFFFAOYSA-N",3890,4030
"XX864251","Challenge-031",160.9566," NEGATIVE",9.943,3,"2,4-Dichlorophenol","Oc1ccc(Cl)cc1Cl","InChI=1S/C6H4Cl2O/c7-4-1-2-6(9)5(8)3-4/h1-3,9H","HFZWRUODUSTPEG-UHFFFAOYSA-N",8140,8449
"XX821753","Challenge-032",210.0053," NEGATIVE",9.968,3,"6-Ethoxy-2-mercaptobenzothiazole","CCOC1=CC=C2N=C(S)SC2=C1","InChI=1S/C9H9NOS2/c1-2-11-6-3-4-7-8(5-6)13-9(12)10-7/h3-5H,2H2,1H3,(H,10,12)","HOASVNMVYBSLSU-UHFFFAOYSA-N",627838,719344
"XX804853","Challenge-033",217.0329," NEGATIVE",9.989,2,"4,4'-Thiodiphenol","OC1=CC=C(SC2=CC=C(O)C=C2)C=C1","InChI=1S/C12H10O2S/c13-9-1-5-11(6-2-9)15-12-7-3-10(14)4-8-12/h1-8,13-14H","VWGKEVWFBOUAND-UHFFFAOYSA-N",16612,17570
"XX832552","Challenge-034",445.1868," NEGATIVE",10.067,8,"Estrone-3-(beta-D-glucuronide)","C[C@]12CC[C@H]3[C@@H](CCC4=C3C=CC(O[C@@H]3O[C@@H]([C@@H](O)[C@H](O)[C@H]3O)C(O)=O)=C4)[C@@H]1CCC2=O","InChI=1S/C24H30O8/c1-24-9-8-14-13-5-3-12(10-11(13)2-4-15(14)16(24)6-7-17(24)25)31-23-20(28)18(26)19(27)21(32-23)22(29)30/h3,5,10,14-16,18-21,23,26-28H,2,4,6-9H2,1H3,(H,29,30)/t14-,15-,16+,18+,19+,20-,21+,23-,24+/m1/s1","FJAZVHYPASAQKM-JBAURARKSA-N",103124,115255
"XX864653","Challenge-035",179.0714," NEGATIVE",10.136,3,"Propylparaben","CCCOC(=O)c1ccc(O)cc1","InChI=1S/C10H12O3/c1-2-7-13-10(12)8-3-5-9(11)6-4-8/h3-6,11H,2,7H2,1H3","QELSKZZBTMNZEB-UHFFFAOYSA-N",6907,7175
"XX838751","Challenge-036",397.0823," NEGATIVE",10.186,4,"Propoxycarbazone","CCCOC1=NN(C(=O)NS(=O)(=O)C2=CC=CC=C2C(=O)OC)C(=O)N1C","InChI=1S/C15H18N4O7S/c1-4-9-26-14-16-19(15(22)18(14)2)13(21)17-27(23,24)11-8-6-5-7-10(11)12(20)25-3/h5-8H,4,9H2,1-3H3,(H,17,21)","JTHMVYBOQLDDIY-UHFFFAOYSA-N",154427,177355
"XX837851","Challenge-037",218.9621," NEGATIVE",10.262,3,"2,4-Dichlorophenoxyacetic acid","OC(=O)COc1ccc(Cl)cc1Cl","InChI=1S/C8H6Cl2O3/c9-5-1-2-7(6(10)3-5)13-4-8(11)12/h1-3H,4H2,(H,11,12)","OVSKIKFHRZPJSS-UHFFFAOYSA-N",1441,1486
"XX819151","Challenge-038",513.2296," NEGATIVE",10.327,19,"Telmisartan","CCCC1=Nc2c(C)cc(C3=Nc4ccccc4N3C)cc2N1Cc1ccc(-c2ccccc2C(O)=O)cc1","InChI=1S/C33H30N4O2/c1-4-9-30-35-31-21(2)18-24(32-34-27-12-7-8-13-28(27)36(32)3)19-29(31)37(30)20-22-14-16-23(17-15-22)25-10-5-6-11-26(25)33(38)39/h5-8,10-19H,4,9,20H2,1-3H3,(H,38,39)","RMMXLENWKUUMAY-UHFFFAOYSA-N",59391,65999
"XX823351","Challenge-039",221.0819," NEGATIVE",10.353,14,"Monoisobutyl phthalate","CC(C)COC(=O)C1=CC=CC=C1C(O)=O","InChI=1S/C12H14O4/c1-8(2)7-16-12(15)10-6-4-3-5-9(10)11(13)14/h3-6,8H,7H2,1-2H3,(H,13,14)","RZJSUWQGFCHNFS-UHFFFAOYSA-N",83306,92272
"XX842156","Challenge-040",199.0167," NEGATIVE",10.378,5,"MCPA","Cc1cc(Cl)ccc1OCC(O)=O","InChI=1S/C9H9ClO3/c1-6-4-7(10)2-3-8(6)13-5-9(11)12/h2-4H,5H2,1H3,(H,11,12)","WHKUVVPPKQRRBV-UHFFFAOYSA-N",6935,7204
"XX823154","Challenge-041",255.0663," NEGATIVE",10.562,17,"Monobenzyl phthalate","OC(=O)C1=CC=CC=C1C(=O)OCC1=CC=CC=C1","InChI=1S/C15H12O4/c16-14(17)12-8-4-5-9-13(12)15(18)19-10-11-6-2-1-3-7-11/h1-9H,10H2,(H,16,17)","XIKIUQUXDNHBFR-UHFFFAOYSA-N",29430,31736
"XX800653","Challenge-042",248.8556," NEGATIVE",10.665,2,"2,4-Dibromphenol","OC1=C(Br)C=C(Br)C=C1","InChI=1S/C6H4Br2O/c7-4-1-2-6(9)5(8)3-4/h1-3,9H","FAXWFCTVSHEODL-UHFFFAOYSA-N",11510,12005
"XX814453","Challenge-043",223.0401," NEGATIVE",10.718,2,"2-Hydroxyanthraquinone","OC1=CC2=C(C=C1)C(=O)C1=CC=CC=C1C2=O","InChI=1S/C14H8O3/c15-8-5-6-11-12(7-8)14(17)10-4-2-1-3-9(10)13(11)16/h1-7,15H","GCDBEYOJCZLKMC-UHFFFAOYSA-N",11303,11796
"XX855853","Challenge-044",423.2388," NEGATIVE",10.829,44,"Pravastatin","CC[C@H](C)C(=O)O[C@H]1C[C@H](O)C=C2C=C[C@H](C)[C@H](CC[C@@H](O)C[C@@H](O)CC(O)=O)[C@@H]12","InChI=1S/C23H36O7/c1-4-13(2)23(29)30-20-11-17(25)9-15-6-5-14(3)19(22(15)20)8-7-16(24)10-18(26)12-21(27)28/h5-6,9,13-14,16-20,22,24-26H,4,7-8,10-12H2,1-3H3,(H,27,28)/t13-,14-,16+,17+,18+,19-,20-,22-/m0/s1","TUZYXOIXSAXUGO-PZAWKZKUSA-N",49398,54687
"XX802851","Challenge-045",239.035," NEGATIVE",10.874,7,"Alizarin","OC1=CC=C2C(=O)C3=CC=CC=C3C(=O)C2=C1O","InChI=1S/C14H8O4/c15-10-6-5-9-11(14(10)18)13(17)8-4-2-1-3-7(8)12(9)16/h1-6,15,18H","RGCKGOZRHPZPFP-UHFFFAOYSA-N",6056,6293
"XX802652","Challenge-046",221.0608," NEGATIVE",11.007,3,"9-Anthracenecarboxylic acid","OC(=O)C1=C2C=CC=CC2=CC2=CC=CC=C12","InChI=1S/C15H10O2/c16-15(17)14-12-7-3-1-5-10(12)9-11-6-2-4-8-13(11)14/h1-9H,(H,16,17)","XGWFJBFNAQHLEF-UHFFFAOYSA-N",2116,2201
"XX822551","Challenge-047",249.0322," NEGATIVE",11.08,3,"Diphenyl phosphate","OP(=O)(OC1=CC=CC=C1)OC1=CC=CC=C1","InChI=1S/C12H11O4P/c13-17(14,15-11-7-3-1-4-8-11)16-12-9-5-2-6-10-12/h1-10H,(H,13,14)","ASMQGLCHMVWBQR-UHFFFAOYSA-N",12722,13282
"XX852253","Challenge-048",775.6794," NEGATIVE",11.088,4,"Thyroxine","NC(CC1=CC(I)=C(OC2=CC(I)=C(O)C(I)=C2)C(I)=C1)C(O)=O","InChI=1S/C15H11I4NO4/c16-8-4-7(5-9(17)13(8)21)24-14-10(18)1-6(2-11(14)19)3-12(20)15(22)23/h1-2,4-5,12,21H,3,20H2,(H,22,23)","XUIIKFGFIJCVMT-UHFFFAOYSA-N",830,853
"XX839351","Challenge-049",232.9778," NEGATIVE",11.207,3,"Dichlorprop","CC(Oc1ccc(Cl)cc1Cl)C(O)=O","InChI=1S/C9H8Cl2O3/c1-5(9(12)13)14-8-3-2-6(10)4-7(8)11/h2-5H,1H3,(H,12,13)","MZHCENGPTKEIGP-UHFFFAOYSA-N",8120,8427
"XX818251","Challenge-050",439.1524," NEGATIVE",11.262,44,"Candesartan","CCOC1=Nc2cccc(C(O)=O)c2N1Cc1ccc(-c2ccccc2C2NN=NN=2)cc1","InChI=1S/C24H20N6O3/c1-2-33-24-25-20-9-5-8-19(23(31)32)21(20)30(24)14-15-10-12-16(13-11-15)17-6-3-4-7-18(17)22-26-28-29-27-22/h3-13H,2,14H2,1H3,(H,31,32)(H,26,27,28,29)","HTQMVQVXFRQIKW-UHFFFAOYSA-N",2445,2541
"XX856754","Challenge-051",275.0649," NEGATIVE",11.263,22,"Flutamide","CC(C)C(=O)Nc1ccc(c(c1)C(F)(F)F)[N+]([O-])=O","InChI=1S/C11H11F3N2O3/c1-6(2)10(17)15-7-3-4-9(16(18)19)8(5-7)11(12,13)14/h3-6H,1-2H3,(H,15,17)","MKXKFYHWDHIYRV-UHFFFAOYSA-N",3280,3397
"XX848553","Challenge-052",282.0094," NEGATIVE",11.605,8,"Procymidone","CC12CC1(C)C(=O)N(C2=O)c1cc(Cl)cc(Cl)c1","InChI=1S/C13H11Cl2NO2/c1-12-6-13(12,2)11(18)16(10(12)17)9-4-7(14)3-8(15)5-9/h3-5H,6H2,1-2H3","QXJKBPAVAHBARF-UHFFFAOYSA-N",33326,36242
"XX849851","Challenge-053",359.1249," NEGATIVE",11.651,56,"Nitrendipin","CCOC(=O)C1=C(C)NC(C)=C(C1C1=CC=CC(=C1)[N+]([O-])=O)C(=O)OC","InChI=1S/C18H20N2O6/c1-5-26-18(22)15-11(3)19-10(2)14(17(21)25-4)16(15)12-7-6-8-13(9-12)20(23)24/h6-9,16,19H,5H2,1-4H3","PVHUJELLJLJGLN-UHFFFAOYSA-N",4351,4507
"XX837253","Challenge-054",255.0299," NEGATIVE",11.84,4,"Purpurin","OC1=CC(O)=C2C(=O)C3=CC=CC=C3C(=O)C2=C1O","InChI=1S/C14H8O5/c15-8-5-9(16)14(19)11-10(8)12(17)6-3-1-2-4-7(6)13(11)18/h1-5,15-16,19H","BBNQQADTFFCFGB-UHFFFAOYSA-N",6431,6683
"XX845852","Challenge-055",309.0248," NEGATIVE",12.064,6,"Diflubenzuron","FC1=CC=CC(F)=C1C(=O)NC(=O)NC1=CC=C(Cl)C=C1","InChI=1S/C14H9ClF2N2O2/c15-8-4-6-9(7-5-8)18-14(21)19-13(20)12-10(16)2-1-3-11(12)17/h1-7H,(H2,18,19,20,21)","QQQYTWIFVNKMRW-UHFFFAOYSA-N",34065,37123
"XX851653","Challenge-056",380.0686," NEGATIVE",12.081,37,"Celecoxib","CC1=CC=C(C=C1)C1=CC(=NN1C1=CC=C(C=C1)S(N)(=O)=O)C(F)(F)F","InChI=1S/C17H14F3N3O2S/c1-11-2-4-12(5-3-11)15-10-16(17(18,19)20)22-23(15)13-6-8-14(9-7-13)26(21,24)25/h2-10H,1H3,(H2,21,24,25)","RZEKVGVHFLEQIL-UHFFFAOYSA-N",2562,2662
"XX851552","Challenge-057",550.1766," NEGATIVE",12.1,48,"Bosentan","COC1=CC=CC=C1OC1=C(OCCO)N=C(N=C1NS(=O)(=O)C1=CC=C(C=C1)C(C)(C)C)C1=NC=CC=N1","InChI=1S/C27H29N5O6S/c1-27(2,3)18-10-12-19(13-11-18)39(34,35)32-23-22(38-21-9-6-5-8-20(21)36-4)26(37-17-16-33)31-25(30-23)24-28-14-7-15-29-24/h5-15,33H,16-17H2,1-4H3,(H,30,31,32)","GJPICJJJRGTNOD-UHFFFAOYSA-N",94651,104865
"XX884952","Challenge-058",386.9644," NEGATIVE",12.129,24,"Fipronil desulfinyl","NC1=C(C(=NN1C1=C(Cl)C=C(C=C1Cl)C(F)(F)F)C#N)C(F)(F)F","InChI=1S/C12H4Cl2F6N4/c13-5-1-4(11(15,16)17)2-6(14)9(5)24-10(22)8(12(18,19)20)7(3-21)23-24/h1-2H,22H2","JWKXVHLIRTVXLD-UHFFFAOYSA-N",11542895,22673275
"XX832651","Challenge-059",349.1115," NEGATIVE",12.202,4,"Estrone-3-sulfate","CC12CCC3C(CCC4=CC(OS(O)(=O)=O)=CC=C34)C1CCC2=O","InChI=1S/C18H22O5S/c1-18-9-8-14-13-5-3-12(23-24(20,21)22)10-11(13)2-4-15(14)16(18)6-7-17(18)19/h3,5,10,14-16H,2,4,6-9H2,1H3,(H,20,21,22)","JKKFKPJIXZFSSB-UHFFFAOYSA-N",679,699
"XX856951","Challenge-060",294.0094," NEGATIVE",12.225,4,"Diclofenac","OC(=O)Cc1ccccc1Nc1c(Cl)cccc1Cl","InChI=1S/C14H11Cl2NO2/c15-10-5-3-6-11(16)14(10)17-12-7-2-1-4-9(12)8-13(18)19/h1-7,17H,8H2,(H,18,19)","DCOPUUMXTXDBNB-UHFFFAOYSA-N",2925,3033
"XX851151","Challenge-061",492.1365," NEGATIVE",12.236,21,"Glibenclamide","COC1=C(C=C(Cl)C=C1)C(=O)NCCC1=CC=C(C=C1)S(=O)(=O)NC(=O)NC1CCCCC1","InChI=1S/C23H28ClN3O5S/c1-32-21-12-9-17(24)15-20(21)22(28)25-14-13-16-7-10-19(11-8-16)33(30,31)27-23(29)26-18-5-3-2-4-6-18/h7-12,15,18H,2-6,13-14H2,1H3,(H,25,28)(H2,26,27,29)","ZNNLBTZKUZBEKO-UHFFFAOYSA-N",3368,3488
"XX861152","Challenge-062",356.0695," NEGATIVE",12.301,27,"Indometacin","COc1ccc2n(C(=O)c3ccc(Cl)cc3)c(C)c(CC(O)=O)c2c1","InChI=1S/C19H16ClNO4/c1-11-15(10-18(22)23)16-9-14(25-2)7-8-17(16)21(11)19(24)12-3-5-13(20)6-4-12/h3-9H,10H2,1-2H3,(H,22,23)","CGIGDMFJXJATDK-UHFFFAOYSA-N",3584,3715
"XX859351","Challenge-063",557.2457," NEGATIVE",12.398,18,"Atorvastatin","CC(C)c1c(C(=O)Nc2ccccc2)c(c(-c2ccc(F)cc2)n1CC[C@@H](O)C[C@@H](O)CC(O)=O)-c1ccccc1","InChI=1S/C33H35FN2O5/c1-21(2)31-30(33(41)35-25-11-7-4-8-12-25)29(22-9-5-3-6-10-22)32(23-13-15-24(34)16-14-23)36(31)18-17-26(37)19-27(38)20-28(39)40/h3-16,21,26-27,37-38H,17-20H2,1-2H3,(H,35,41)(H,39,40)/t26-,27-/m1/s1","XUKUURHRXDUEBC-KAYWLYCHSA-N",54810,60823
"XX884552","Challenge-064",418.9365," NEGATIVE",12.495,23,"Fipronil sulfide","C1=C(C=C(C(=C1Cl)N2C(=C(C(=N2)C#N)SC(F)(F)F)N)Cl)C(F)(F)F","InChI=1S/C12H4Cl2F6N4S/c13-5-1-4(11(15,16)17)2-6(14)8(5)24-10(22)9(7(3-21)23-24)25-12(18,19)20/h1-2H,22H2","FQXWEKADCSXYOC-UHFFFAOYSA-N",8129550,9953940
"XX851253","Challenge-065",489.2177," NEGATIVE",12.512,10,"Glimepiride","CCC1=C(C)CN(C(=O)NCCC2=CC=C(C=C2)S(=O)(=O)NC(=O)NC2CCC(C)CC2)C1=O","InChI=1S/C24H34N4O5S/c1-4-21-17(3)15-28(22(21)29)24(31)25-14-13-18-7-11-20(12-8-18)34(32,33)27-23(30)26-19-9-5-16(2)6-10-19/h7-8,11-12,16,19H,4-6,9-10,13-15H2,1-3H3,(H,25,31)(H2,26,27,30)","WIGIZIANZCJQQY-UHFFFAOYSA-N",3357,3476
"XX845351","Challenge-066",325.9629," NEGATIVE",12.689,19,"Bifenox free acid","OC(=O)C1=C(C=CC(OC2=C(Cl)C=C(Cl)C=C2)=C1)[N+]([O-])=O","InChI=1S/C13H7Cl2NO5/c14-7-1-4-12(10(15)5-7)21-8-2-3-11(16(19)20)9(6-8)13(17)18/h1-6H,(H,17,18)","IUSYSZLVZMUVDO-UHFFFAOYSA-N",131044,148653
"XX877154","Challenge-067",312.9728," NEGATIVE",12.826,3,"Perfluorohexanoic acid","OC(=O)C(F)(F)C(F)(F)C(F)(F)C(F)(F)C(F)(F)F","InChI=1S/C6HF11O2/c7-2(8,1(18)19)3(9,10)4(11,12)5(13,14)6(15,16)17/h(H,18,19)","PXUULQAPEKKVAH-UHFFFAOYSA-N",60864,67542
"XX842251","Challenge-068",244.9082," NEGATIVE",12.918,7,"Chlorothalonil-4-hydroxy","Oc1c(Cl)c(Cl)c(C#N)c(Cl)c1C#N","InChI=1S/C8HCl3N2O/c9-5-3(1-12)6(10)7(11)8(14)4(5)2-13/h14H","MDQKYGOECVSPIW-UHFFFAOYSA-N",31530,34217
"XX824552","Challenge-069",312.9708," NEGATIVE",13.097,4,"Triclocarban","ClC1=CC=C(NC(=O)NC2=CC=C(Cl)C(Cl)=C2)C=C1","InChI=1S/C13H9Cl3N2O/c14-8-1-3-9(4-2-8)17-13(19)18-10-5-6-11(15)12(16)7-10/h1-7H,(H2,17,18,19)","ICUTUKXCWQYESQ-UHFFFAOYSA-N",7266,7547
"XX821851","Challenge-070",327.0445," NEGATIVE",13.232,16,"Acid Orange 7 (free acid)","OC1=CC=C2C=CC=CC2=C1N=NC1=CC=C(C=C1)S(O)(=O)=O","InChI=1S/C16H12N2O4S/c19-15-10-5-11-3-1-2-4-14(11)16(15)18-17-12-6-8-13(9-7-12)23(20,21)22/h1-10,19H,(H,20,21,22)","RDUJRVXKAIVTDH-UHFFFAOYSA-N",21535662,100958454
"XX863853","Challenge-071",538.7498," NEGATIVE",13.298,3,"Tetrabromobisphenol A","CC(C)(c1cc(Br)c(O)c(Br)c1)c1cc(Br)c(O)c(Br)c1","InChI=1S/C15H12Br4O2/c1-15(2,7-3-9(16)13(20)10(17)4-7)8-5-11(18)14(21)12(19)6-8/h3-6,20-21H,1-2H3","VEORPZCZECFIRK-UHFFFAOYSA-N",6366,6618
"XX883551","Challenge-072",497.9462," NEGATIVE",13.447,5,"Perfluorooctanesulfonamide","NS(=O)(=O)C(F)(F)C(F)(F)C(F)(F)C(F)(F)C(F)(F)C(F)(F)C(F)(F)C(F)(F)F","InChI=1S/C8H2F17NO2S/c9-1(10,3(13,14)5(17,18)7(21,22)23)2(11,12)4(15,16)6(19,20)8(24,25)29(26,27)28/h(H2,26,27,28)","RRRXPPIDPYTNJG-UHFFFAOYSA-N",62984,69785
"XX809453","Challenge-073",482.5871," NEGATIVE",13.495,2,"Pentabromphenol","OC1=C(Br)C(Br)=C(Br)C(Br)=C1Br","InChI=1S/C6HBr5O/c7-1-2(8)4(10)6(12)5(11)3(1)9/h12H","SVHOVVJFOWGYJO-UHFFFAOYSA-N",11359,11852
"XX848751","Challenge-074",487.029," NEGATIVE",14.172,29,"Flufenoxuron","FC1=CC(OC2=CC=C(C=C2Cl)C(F)(F)F)=CC=C1NC(=O)NC(=O)C1=C(F)C=CC=C1F","InChI=1S/C21H11ClF6N2O3/c22-12-8-10(21(26,27)28)4-7-17(12)33-11-5-6-16(15(25)9-11)29-20(32)30-19(31)18-13(23)2-1-3-14(18)24/h1-9H,(H2,29,30,31,32)","RYLHNOVXKPXDIP-UHFFFAOYSA-N",82863,91766
"XX835553","Challenge-075",402.8426," NEGATIVE",14.274,9,"Hexachlorophene","OC1=C(CC2=C(Cl)C(Cl)=CC(Cl)=C2O)C(Cl)=C(Cl)C=C1Cl","InChI=1S/C13H6Cl6O2/c14-6-2-8(16)12(20)4(10(6)18)1-5-11(19)7(15)3-9(17)13(5)21/h2-3,20-21H,1H2","ACGUYXCXAPNIKK-UHFFFAOYSA-N",3472,3598
"XX864051","Challenge-076",347.9158," NEGATIVE",14.355,8,"Tetrachlorosalicylanilide","Oc1c(Cl)cc(Cl)cc1C(=O)Nc1ccc(Cl)c(Cl)c1","InChI=1S/C13H7Cl4NO2/c14-6-3-8(12(19)11(17)4-6)13(20)18-7-1-2-9(15)10(16)5-7/h1-5,19H,(H,18,20)","SJQBHPJLLIJASD-UHFFFAOYSA-N",13743,14385
"XX824351","Challenge-077",347.9158," NEGATIVE",14.383,7,"Tetrachlorosalicylanilide","OC1=C(Cl)C(Cl)=C(Cl)C(Cl)=C1C(=O)NC1=CC=CC=C1","InChI=1S/C13H7Cl4NO2/c14-8-7(12(19)11(17)10(16)9(8)15)13(20)18-6-4-2-1-3-5-6/h1-5,19H,(H,18,20)","BDOBMVIEWHZYDL-UHFFFAOYSA-N",110942,124579
"XX883655","Challenge-078",426.9679," NEGATIVE",14.761,2,"6:2 Fluorotelomer sulfonic acid","[H]C([H])(C([H])([H])S(O)(=O)=O)C(F)(F)C(F)(F)C(F)(F)C(F)(F)C(F)(F)C(F)(F)F","InChI=1S/C8H5F13O3S/c9-3(10,1-2-25(22,23)24)4(11,12)5(13,14)6(15,16)7(17,18)8(19,20)21/h1-2H2,(H,22,23,24)","VIONGDJUYAYOPU-UHFFFAOYSA-N",106865,119688
"XX849951","Challenge-079",669.4219," NEGATIVE",14.973,9,"Monensin","CC[C@]1(CC[C@@H](O1)[C@@]1(C)CC[C@]2(C[C@H](O)[C@@H](C)[C@H](O2)[C@H](C)[C@H](OC)[C@@H](C)C(O)=O)O1)[C@H]1O[C@@H](C[C@H]1C)[C@H]1O[C@@](O)(CO)[C@H](C)C[C@@H]1C","InChI=1S/C36H62O11/c1-10-34(31-20(3)16-26(43-31)28-19(2)15-21(4)36(41,18-37)46-28)12-11-27(44-34)33(8)13-14-35(47-33)17-25(38)22(5)30(45-35)23(6)29(42-9)24(7)32(39)40/h19-31,37-38,41H,10-18H2,1-9H3,(H,39,40)/t19-,20+,21+,22+,23+,24+,25-,26-,27+,28-,29-,30-,31-,33+,34-,35+,36-/m0/s1","GAOZTHIDHYLHMS-GDMSFIFLSA-N",26293,28263
"XX876951","Challenge-080",512.96," NEGATIVE",16.603,6,"Perfluorodecanoic acid","OC(=O)C(F)(F)C(F)(F)C(F)(F)C(F)(F)C(F)(F)C(F)(F)C(F)(F)C(F)(F)C(F)(F)F","InChI=1S/C10HF19O2/c11-2(12,1(30)31)3(13,14)4(15,16)5(17,18)6(19,20)7(21,22)8(23,24)9(25,26)10(27,28)29/h(H,30,31)","PCIUEQPBYFRTEM-UHFFFAOYSA-N",9181,9555
"XX876251","Challenge-081",325.1843," NEGATIVE",23.195,7,"Dodecylbenzenesulfonic acid","CCCCCCCCCCCCC1=CC=C(C=C1)S(O)(=O)=O","InChI=1S/C18H30O3S/c1-2-3-4-5-6-7-8-9-10-11-12-17-13-15-18(16-14-17)22(19,20)21/h13-16H,2-12H2,1H3,(H,19,20,21)","KWXICGTUELOLSQ-UHFFFAOYSA-N",8172,8485
"XX845603","Challenge-082",167.104," POSITIVE",0.398,18,"Cyromazine","NC1=NC(NC2CC2)=NC(N)=N1","InChI=1S/C6H10N6/c7-4-10-5(8)12-6(11-4)9-3-1-2-3/h3H,1-2H2,(H5,7,8,9,10,11,12)","LVQDKIWDGQRHTE-UHFFFAOYSA-N",43550,47866
"XX883903","Challenge-083",123.0917," POSITIVE",0.411,5,"4-(Dimethylamino)pyridine","CN(C)C1=CC=NC=C1","InChI=1S/C7H10N2/c1-9(2)7-3-5-8-6-4-7/h3-6H,1-2H3","VHYFNPMBLIVWCW-UHFFFAOYSA-N",13646,14284
"XX868004","Challenge-084",114.0662," POSITIVE",0.412,6,"Creatinine","CN1CC(=O)N=C1N","InChI=1S/C4H7N3O/c1-7-2-3(8)6-4(7)5/h2H2,1H3,(H2,5,6,8)","DDRJAANPRJIHGJ-UHFFFAOYSA-N",568,588
"XX812005","Challenge-085",119.0604," POSITIVE",0.476,4,"Benzimidazole","N1C=NC2=CC=CC=C12","InChI=1S/C7H6N2/c1-2-4-7-6(3-1)8-5-9-7/h1-5H,(H,8,9)","HYZJCKYKOHLVJF-UHFFFAOYSA-N",5593,5798
"XX826601","Challenge-086",100.1121," POSITIVE",0.501,5,"Cyclohexylamine","NC1CCCCC1","InChI=1S/C6H13N/c7-6-4-2-1-3-5-6/h6H,1-5,7H2","PAFZNILMFXTMIY-UHFFFAOYSA-N",7677,7965
"XX809901","Challenge-087",167.0451," POSITIVE",0.946,10,"2-Nitrobenzamide","NC(=O)C1=C(C=CC=C1)[N+]([O-])=O","InChI=1S/C7H6N2O3/c8-7(10)5-3-1-2-4-6(5)9(11)12/h1-4H,(H2,8,10)","KLGQWSOYKYFBTR-UHFFFAOYSA-N",11178542,11876
"XX879201","Challenge-088",192.0768," POSITIVE",1.262,6,"Carbendazim","COC(=O)NC1=NC2=CC=CC=C2N1","InChI=1S/C9H9N3O2/c1-14-9(13)12-8-10-6-4-2-3-5-7(6)11-8/h2-5H,1H3,(H2,10,11,12,13)","TWFZGCMQGLPBSX-UHFFFAOYSA-N",23741,25429
"XX836401","Challenge-089",139.0502," POSITIVE",1.389,18,"Methyl pyrazine 2-carboxylate","COC(=O)C1=CN=CC=N1","InChI=1S/C6H6N2O2/c1-10-6(9)5-4-7-2-3-8-5/h2-4H,1H3","TWIIRMSFZNYMQE-UHFFFAOYSA-N",65523,72662
"XX820501","Challenge-090",151.0324," POSITIVE",3.318,7,"2-Mercaptobenzimidazole","SC1=NC2=CC=CC=C2N1","InChI=1S/C7H6N2S/c10-7-8-5-3-1-2-4-6(5)9-7/h1-4H,(H2,8,9,10)","YHMYGUUIMTVXNW-UHFFFAOYSA-N",616466,707035
"XX862204","Challenge-091",196.0604," POSITIVE",3.965,18,"N-Acetyl Mesalazine","CC(=O)NC1=CC=C(O)C(=C1)C(O)=O","InChI=1S/C9H9NO4/c1-5(11)10-6-2-3-8(12)7(4-6)9(13)14/h2-4,12H,1H3,(H,10,11)(H,13,14)","GEFDRROBUCULOD-UHFFFAOYSA-N",58958,65512
"XX801601","Challenge-092",150.0913," POSITIVE",4.187,8,"2'-Methylacetanilide","CC(=O)NC1=C(C)C=CC=C1","InChI=1S/C9H11NO/c1-7-5-3-4-6-9(7)10-8(2)11/h3-6H,1-2H3,(H,10,11)","BPEXTIMJLDWDTL-UHFFFAOYSA-N",10298354,8443
"XX844901","Challenge-093",212.1506," POSITIVE",5.737,27,"Terbuthylazine-2-hydroxy","CCNC1=NC(=O)N=C(NC(C)(C)C)N1","InChI=1S/C9H17N5O/c1-5-10-6-11-7(13-8(15)12-6)14-9(2,3)4/h5H2,1-4H3,(H3,10,11,12,13,14,15)","OYTCZOJKXCTBHG-UHFFFAOYSA-N",4324299,5151089
"XX849201","Challenge-094",376.9859," POSITIVE",5.782,8,"Ambroxol","NC1=C(Br)C=C(Br)C=C1CNC1CCC(O)CC1","InChI=1S/C13H18Br2N2O/c14-9-5-8(13(16)12(15)6-9)7-17-10-1-3-11(18)4-2-10/h5-6,10-11,17-18H,1-4,7,16H2","JBDGDEWWOUBZPM-UHFFFAOYSA-N",2047,2132
"XX836801","Challenge-095",147.0665," POSITIVE",5.801,10,"Phenyltetrazole","N1N=NN=C1C1=CC=CC=C1","InChI=1S/C7H6N4/c1-2-4-6(5-3-1)7-8-10-11-9-7/h1-5H,(H,8,9,10,11)","MARUHZGHZWCEQU-UHFFFAOYSA-N",78860,87425
"XX861901","Challenge-096",218.0845," POSITIVE",5.861,14,"Captopril","C[C@H](CS)C(=O)N1CCC[C@H]1C(O)=O","InChI=1S/C9H15NO3S/c1-6(5-14)8(11)10-4-2-3-7(10)9(12)13/h6-7,14H,2-5H2,1H3,(H,12,13)/t6-,7+/m1/s1","FAKRSMQSSFJEIM-RQJHMYQMSA-N",40130,44093
"XX831701","Challenge-097",225.1135," POSITIVE",5.987,10,"PHIP","Cn1c2cc(cnc2[nH]c1=N)-c1ccccc1","InChI=1S/C13H12N4/c1-17-11-7-10(9-5-3-2-4-6-9)8-15-12(11)16-13(17)14/h2-8H,1H3,(H2,14,15,16)","UQVKZNNCIHJZLS-UHFFFAOYSA-N",1476,1530
"XX859701","Challenge-098",311.131," POSITIVE",6.202,39,"Desloratadine","Clc1ccc2c(CCc3cccnc3C2=C2CCNCC2)c1","InChI=1S/C19H19ClN2/c20-16-5-6-17-15(12-16)4-3-14-2-1-9-22-19(14)18(17)13-7-10-21-11-8-13/h1-2,5-6,9,12,21H,3-4,7-8,10-11H2","JAUOIFJMECXRGI-UHFFFAOYSA-N",110575,124087
"XX852501","Challenge-099",294.1601," POSITIVE",6.277,15,"Ondansetron","CN1C2=C(C3=C1C=CC=C3)C(=O)C(CN1C=CN=C1C)CC2","InChI=1S/C18H19N3O/c1-12-19-9-10-21(12)11-13-7-8-16-17(18(13)22)14-5-3-4-6-15(14)20(16)2/h3-6,9-10,13H,7-8,11H2,1-2H3","FELGMEQIXOGIFQ-UHFFFAOYSA-N",4434,4595
"XX849401","Challenge-100",264.1758," POSITIVE",6.331,6,"Melperon","CC1CCN(CCCC(=O)C2=CC=C(F)C=C2)CC1","InChI=1S/C16H22FNO/c1-13-8-11-18(12-9-13)10-2-3-16(19)14-4-6-15(17)7-5-14/h4-7,13H,2-3,8-12H2,1H3","DKMFBWQBDIGMHM-UHFFFAOYSA-N",14646,15387
"XX871101","Challenge-101",267.1088," POSITIVE",6.484,34,"1-(3-carboxypropyl)-3,7-dimethylxanthine","CN1C=NC2=C1C(=O)N(CCCC(O)=O)C(=O)N2C","InChI=1S/C11H14N4O4/c1-13-6-12-9-8(13)10(18)15(11(19)14(9)2)5-3-4-7(16)17/h6H,3-5H2,1-2H3,(H,16,17)","WKASGTGXOGALBG-UHFFFAOYSA-N",133451,151419
"XX829401","Challenge-102",191.0451," POSITIVE",6.555,35,"4-Nitroquinoline-1-oxide","[O-][N+](=O)c1cc[n+]([O-])c2ccccc12","InChI=1S/C9H6N2O3/c12-10-6-5-9(11(13)14)7-3-1-2-4-8(7)10/h1-6H","YHQDZJICGQWFHK-UHFFFAOYSA-N",5740,5955
"XX817801","Challenge-103",148.0757," POSITIVE",6.621,10,"Cinnamamide","NC(=O)\C=C\C1=CC=CC=C1","InChI=1S/C9H9NO/c10-9(11)7-6-8-4-2-1-3-5-8/h1-7H,(H2,10,11)/b7-6+","APEJMQOBVMLION-VOTSOKGWSA-N",4437896,5273472
"XX882601","Challenge-104",215.9784," POSITIVE",7.04,29,"2-Benzothiazolesulfonic acid","OS(=O)(=O)C1=NC2=CC=CC=C2S1","InChI=1S/C7H5NO3S2/c9-13(10,11)7-8-5-3-1-2-4-6(5)12-7/h1-4H,(H,9,10,11)","ZCXGMSGCBDSEOY-UHFFFAOYSA-N",28443,30647
"XX851301","Challenge-105",411.2191," POSITIVE",7.132,11,"Risperidone","CC1=C(CCN2CCC(CC2)c2noc3cc(F)ccc23)C(=O)N2CCCCC2=N1","InChI=1S/C23H27FN4O2/c1-15-18(23(29)28-10-3-2-4-21(28)25-15)9-13-27-11-7-16(8-12-27)22-19-6-5-17(24)14-20(19)30-26-22/h5-6,14,16H,2-4,7-13H2,1H3","RAPZEAPATHNIPO-UHFFFAOYSA-N",4895,5073
"XX850501","Challenge-106",471.1735," POSITIVE",7.378,27,"7-Hydroxymethotrexat","CN(CC1=Nc2c(N)nc(N)nc2NC1=O)c1ccc(cc1)C(=O)NC(CCC(O)=O)C(O)=O","InChI=1S/C20H22N8O6/c1-28(8-12-18(32)26-16-14(23-12)15(21)25-20(22)27-16)10-4-2-9(3-5-10)17(31)24-11(19(33)34)6-7-13(29)30/h2-5,11H,6-8H2,1H3,(H,24,31)(H,29,30)(H,33,34)(H5,21,22,25,26,27,32)","HODZDDDNGRLGSI-UHFFFAOYSA-N",4532295,5385077
"XX864401","Challenge-107",251.0373," POSITIVE",7.489,18,"Bisphenol S","Oc1ccc(cc1)S(=O)(=O)c1ccc(O)cc1","InChI=1S/C12H10O4S/c13-9-1-5-11(6-2-9)17(15,16)12-7-3-10(14)4-8-12/h1-8,13-14H","VPWNQTHUCYMVMZ-UHFFFAOYSA-N",6374,6626
"XX851701","Challenge-108",426.1691," POSITIVE",7.663,15,"Domperidone","ClC1=CC2=C(C=C1)N(C1CCN(CCCN3C(=O)NC4=C3C=CC=C4)CC1)C(=O)N2","InChI=1S/C22H24ClN5O2/c23-15-6-7-20-18(14-15)25-22(30)28(20)16-8-12-26(13-9-16)10-3-11-27-19-5-2-1-4-17(19)24-21(27)29/h1-2,4-7,14,16H,3,8-13H2,(H,24,29)(H,25,30)","FGXWKSZFVQUSTL-UHFFFAOYSA-N",3039,3151
"XX861402","Challenge-109",279.1452," POSITIVE",7.982,20,"Pentoxifylline","CN1c2ncn(C)c2C(=O)N(CCCCC(C)=O)C1=O","InChI=1S/C13H18N4O3/c1-9(18)6-4-5-7-17-12(19)10-11(14-8-15(10)2)16(3)13(17)20/h8H,4-7H2,1-3H3","BYPFEZZEUUWMEJ-UHFFFAOYSA-N",4578,4740
"XX873501","Challenge-110",395.1864," POSITIVE",8.04,267,"Triamcinolone","CC12CC(O)C3(F)C(CCC4=CC(=O)C=CC34C)C1CC(O)C2(O)C(=O)CO","InChI=1S/C21H27FO6/c1-18-6-5-12(24)7-11(18)3-4-13-14-8-15(25)21(28,17(27)10-23)19(14,2)9-16(26)20(13,18)22/h5-7,13-16,23,25-26,28H,3-4,8-10H2,1-2H3","GFNANZIMVAIWHM-UHFFFAOYSA-N",5343,5544
"XX852903","Challenge-111",413.1197," POSITIVE",8.194,22,"Ziprasidone","ClC1=CC2=C(CC(=O)N2)C=C1CCN1CCN(CC1)C1=NSC2=C1C=CC=C2","InChI=1S/C21H21ClN4OS/c22-17-13-18-15(12-20(27)23-18)11-14(17)5-6-25-7-9-26(10-8-25)21-16-3-1-2-4-19(16)28-24-21/h1-4,11,13H,5-10,12H2,(H,23,27)","MVWVFYHBGMAFLY-UHFFFAOYSA-N",54841,60854
"XX849001","Challenge-112",285.142," POSITIVE",8.328,15,"Promethazin","CC(CN1C2=C(SC3=C1C=CC=C3)C=CC=C2)N(C)C","InChI=1S/C17H20N2S/c1-13(18(2)3)12-19-14-8-4-6-10-16(14)20-17-11-7-5-9-15(17)19/h4-11,13H,12H2,1-3H3","PWWVAXIEGOYWEE-UHFFFAOYSA-N",4758,4927
"XX810401","Challenge-113",161.9872," POSITIVE",8.385,6,"3,4-Dichloroaniline","C1=CC(=C(C=C1N)Cl)Cl","InChI=1S/C6H5Cl2N/c7-5-2-1-4(9)3-6(5)8/h1-3H,9H2","SDYWXFYBZPNOFX-UHFFFAOYSA-N",13860720,7257
"XX878201","Challenge-114",297.0556," POSITIVE",8.5,29,"Imazalil","ClC1=CC=C(C(CN2C=CN=C2)OCC=C)C(Cl)=C1","InChI=1S/C14H14Cl2N2O/c1-2-7-19-14(9-18-6-5-17-10-18)12-4-3-11(15)8-13(12)16/h2-6,8,10,14H,1,7,9H2","PZBPKYOVPCNPJY-UHFFFAOYSA-N",34116,37175
"XX853603","Challenge-115",474.1734," POSITIVE",8.611,31,"Raloxifene","Oc1ccc(cc1)-c1sc2cc(O)ccc2c1C(=O)c1ccc(OCCN2CCCCC2)cc1","InChI=1S/C28H27NO4S/c30-21-8-4-20(5-9-21)28-26(24-13-10-22(31)18-25(24)34-28)27(32)19-6-11-23(12-7-19)33-17-16-29-14-2-1-3-15-29/h4-13,18,30-31H,1-3,14-17H2","GZUITABIAKMVPG-UHFFFAOYSA-N",4859,5035
"XX825601","Challenge-116",213.9862," POSITIVE",8.693,9,"4'-Bromacetanilide","CC(=O)NC1=CC=C(Br)C=C1","InChI=1S/C8H8BrNO/c1-6(11)10-8-4-2-7(9)3-5-8/h2-5H,1H3,(H,10,11)","MSLICLMCQYQNPK-UHFFFAOYSA-N",7399,7683
"XX850903","Challenge-117",298.126," POSITIVE",8.896,12,"Duloxetine","CNCC[C@H](Oc1cccc2ccccc12)c1cccs1","InChI=1S/C18H19NOS/c1-19-12-11-17(18-10-5-13-21-18)20-16-9-4-7-14-6-2-3-8-15(14)16/h2-10,13,17,19H,11-12H2,1H3/t17-/m0/s1","ZEUITGRIYCTCEM-KRWDZBQOSA-N",54822,60835
"XX850803","Challenge-118",382.1681," POSITIVE",8.953,16,"Azelastine","CN1CCCC(CC1)N1N=C(Cc2ccc(Cl)cc2)c2ccccc2C1=O","InChI=1S/C22H24ClN3O/c1-25-13-4-5-18(12-14-25)26-22(27)20-7-3-2-6-19(20)21(24-26)15-16-8-10-17(23)11-9-16/h2-3,6-11,18H,4-5,12-15H2,1H3","MBUVEWMHONZEQD-UHFFFAOYSA-N",2180,2267
"XX834202","Challenge-119",223.9706," POSITIVE",8.964,4,"6-Bromo-2(1H)-quinolinone","BrC1=CC2=C(NC(=O)C=C2)C=C1","InChI=1S/C9H6BrNO/c10-7-2-3-8-6(5-7)1-4-9(12)11-8/h1-5H,(H,11,12)","YLAFBGATSQRSTB-UHFFFAOYSA-N",10691564,12378943
"XX845901","Challenge-120",282.2791," POSITIVE",8.992,18,"Dodemorph","CC1CN(CC(C)O1)C1CCCCCCCCCCC1","InChI=1S/C18H35NO/c1-16-14-19(15-17(2)20-16)18-12-10-8-6-4-3-5-7-9-11-13-18/h16-18H,3-15H2,1-2H3","JMXKCYUTURMERF-UHFFFAOYSA-N",55760,61899
"XX847601","Challenge-121",224.0917," POSITIVE",9.032,11,"Bendiocarb","CNC(=O)Oc1cccc2OC(C)(C)Oc12","InChI=1S/C11H13NO4/c1-11(2)15-8-6-4-5-7(9(8)16-11)14-10(13)12-3/h4-6H,1-3H3,(H,12,13)","XEGGRYVFLWGFHI-UHFFFAOYSA-N",2224,2314
"XX850104","Challenge-122",331.015," POSITIVE",9.085,17,"Furosemide","NS(=O)(=O)c1cc(C(O)=O)c(NCc2ccco2)cc1Cl","InChI=1S/C12H11ClN2O5S/c13-9-5-10(15-6-7-2-1-3-20-7)8(12(16)17)4-11(9)21(14,18)19/h1-5,15H,6H2,(H,16,17)(H2,14,18,19)","ZZUFCTLCJUWOSV-UHFFFAOYSA-N",3322,3440
"XX879001","Challenge-123",284.9612," POSITIVE",9.087,13,"Tris(2-chloroethyl)phosphate","ClCCOP(=O)(OCCCl)OCCCl","InChI=1S/C6H12Cl3O4P/c7-1-4-11-14(10,12-5-2-8)13-6-3-9/h1-6H2","HQUQLFOMPYWACS-UHFFFAOYSA-N",7994,8295
"XX853202","Challenge-124",294.1713," POSITIVE",9.142,21,"Anastrozole","CC(C)(C#N)c1cc(Cn2cncn2)cc(c1)C(C)(C)C#N","InChI=1S/C17H19N5/c1-16(2,9-18)14-5-13(8-22-12-20-11-21-22)6-15(7-14)17(3,4)10-19/h5-7,11-12H,8H2,1-4H3","YBBLVLTVTVSKRW-UHFFFAOYSA-N",2102,2187
"XX817401","Challenge-125",147.0804," POSITIVE",9.203,18,"Benzylidenacetone","CC(=O)C=CC1=CC=CC=C1","InChI=1S/C10H10O/c1-9(11)7-8-10-5-3-2-4-6-10/h2-8H,1H3","BWHOZHOGCMHOBV-UHFFFAOYSA-N",15120,15909
"XX884101","Challenge-126",221.0743," POSITIVE",9.37,13,"2-(4-Morpholinyl)benzothiazole","C1CN(CCO1)C1=NC2=CC=CC=C2S1","InChI=1S/C11H12N2OS/c1-2-4-10-9(3-1)12-11(15-10)13-5-7-14-8-6-13/h1-4H,5-8H2","VVUVJGRVEYHIHC-UHFFFAOYSA-N",70292,77901
"XX808801","Challenge-127",203.0525," POSITIVE",9.39,27,"Diphenylsulfoxide","O=S(C1=CC=CC=C1)C1=CC=CC=C1","InChI=1S/C12H10OS/c13-14(11-7-3-1-4-8-11)12-9-5-2-6-10-12/h1-10H","JJHHIJFTHRNPIK-UHFFFAOYSA-N",13090,13679
"XX808701","Challenge-128",219.0474," POSITIVE",9.673,24,"Diphenylsulfone","O=S(=O)(C1=CC=CC=C1)C1=CC=CC=C1","InChI=1S/C12H10O2S/c13-15(14,11-7-3-1-4-8-11)12-9-5-2-6-10-12/h1-10H","KZTYYGOKRVBIMI-UHFFFAOYSA-N",29117,31386
"XX884701","Challenge-129",233.1107," POSITIVE",9.692,7,"N-Cyclohexyl-2-benzothiazol-amine","C1CCC(CC1)NC1=NC2=CC=CC=C2S1","InChI=1S/C13H16N2S/c1-2-6-10(7-3-1)14-13-15-11-8-4-5-9-12(11)16-13/h4-5,8-10H,1-3,6-7H2,(H,14,15)","UPWPIFMHSFSVLE-UHFFFAOYSA-N",514454,591790
"XX849101","Challenge-130",311.1543," POSITIVE",9.695,13,"Bifonazol","C1=CN(C=N1)C(C1=CC=CC=C1)C1=CC=C(C=C1)C1=CC=CC=C1","InChI=1S/C22H18N2/c1-3-7-18(8-4-1)19-11-13-21(14-12-19)22(24-16-15-23-17-24)20-9-5-2-6-10-20/h1-17,22H","OCAPBUJLXMYKEJ-UHFFFAOYSA-N",2287,2378
"XX802401","Challenge-131",204.1019," POSITIVE",9.756,12,"5-Methyl-1-(propan-2-yl)-1H-indole-2,3dione","CC(C)N1C(=O)C(=O)C2=CC(C)=CC=C12","InChI=1S/C12H13NO2/c1-7(2)13-10-5-4-8(3)6-9(10)11(14)12(13)15/h4-7H,1-3H3","SYJHSTNDLFUIMT-UHFFFAOYSA-N",1606080,2145522
"XX854903","Challenge-132",345.1153," POSITIVE",9.765,10,"Clotrimazole","Clc1ccccc1C(c1ccccc1)(c1ccccc1)n1ccnc1","InChI=1S/C22H17ClN2/c23-21-14-8-7-13-20(21)22(25-16-15-24-17-25,18-9-3-1-4-10-18)19-11-5-2-6-12-19/h1-17H","VNFPBHJOKIVQEB-UHFFFAOYSA-N",2710,2812
"XX848903","Challenge-133",477.2303," POSITIVE",9.808,12,"Ioperamide ","CN(C)C(=O)C(CCN1CCC(O)(CC1)c1ccc(Cl)cc1)(c1ccccc1)c1ccccc1","InChI=1S/C29H33ClN2O2/c1-31(2)27(33)29(24-9-5-3-6-10-24,25-11-7-4-8-12-25)19-22-32-20-17-28(34,18-21-32)23-13-15-26(30)16-14-23/h3-16,34H,17-22H2,1-2H3","RDOIQAHITMMDAJ-UHFFFAOYSA-N",3818,3955
"XX823401","Challenge-134",214.0896," POSITIVE",9.859,21,"N-Butylbenzenesulfonamide","CCCCNS(=O)(=O)C1=CC=CC=C1","InChI=1S/C10H15NO2S/c1-2-3-9-11-14(12,13)10-7-5-4-6-8-10/h4-8,11H,2-3,9H2,1H3","IPRJXAGUEGOFGG-UHFFFAOYSA-N",18156,19241
"XX822601","Challenge-135",391.23," POSITIVE",9.935,26,"Hexa(methoxymethyl)melamine","COCN(COC)C1=NC(=NC(=N1)N(COC)COC)N(COC)COC","InChI=1S/C15H30N6O6/c1-22-7-19(8-23-2)13-16-14(20(9-24-3)10-25-4)18-15(17-13)21(11-26-5)12-27-6/h7-12H2,1-6H3","BNCADMBVWNPPIZ-UHFFFAOYSA-N",56259,62479
"XX821703","Challenge-136",212.0198," POSITIVE",9.973,15,"6-Ethoxy-2-mercaptobenzothiazole","CCOC1=CC=C2N=C(S)SC2=C1","InChI=1S/C9H9NOS2/c1-2-11-6-3-4-7-8(5-6)13-9(12)10-7/h3-5H,2H2,1H3,(H,10,12)","HOASVNMVYBSLSU-UHFFFAOYSA-N",627838,719344
"XX858203","Challenge-137",389.1626," POSITIVE",10.069,15,"Cetirizine","OC(=O)COCCN1CCN(CC1)C(c1ccccc1)c1ccc(Cl)cc1","InChI=1S/C21H25ClN2O3/c22-19-8-6-18(7-9-19)21(17-4-2-1-3-5-17)24-12-10-23(11-13-24)14-15-27-16-20(25)26/h1-9,21H,10-16H2,(H,25,26)","ZKLPARSLTMPFCP-UHFFFAOYSA-N",2577,2678
"XX838703","Challenge-138",399.0969," POSITIVE",10.22,57,"Propoxycarbazone","CCCOC1=NN(C(=O)NS(=O)(=O)C2=CC=CC=C2C(=O)OC)C(=O)N1C","InChI=1S/C15H18N4O7S/c1-4-9-26-14-16-19(15(22)18(14)2)13(21)17-27(23,24)11-8-6-5-7-10(11)12(20)25-3/h5-8H,4,9H2,1-3H3,(H,17,21)","JTHMVYBOQLDDIY-UHFFFAOYSA-N",154427,177355
"XX841601","Challenge-139",278.1055," POSITIVE",10.257,9,"Metazachlor","Cc1cccc(C)c1N(Cn1cccn1)C(=O)CCl","InChI=1S/C14H16ClN3O/c1-11-5-3-6-12(2)14(11)18(13(19)9-15)10-17-8-4-7-16-17/h3-8H,9-10H2,1-2H3","STEPQTYSZVCJPV-UHFFFAOYSA-N",44885,49384
"XX880203","Challenge-140",309.0427," POSITIVE",10.334,37,"Benzophenone-4","COC1=CC(O)=C(C=C1S(O)(=O)=O)C(=O)C1=CC=CC=C1","InChI=1S/C14H12O6S/c1-20-12-8-11(15)10(7-13(12)21(17,18)19)14(16)9-5-3-2-4-6-9/h2-8,15H,1H3,(H,17,18,19)","CXVGEDCSTKKODG-UHFFFAOYSA-N",18829,19988
"XX835301","Challenge-141",223.0965," POSITIVE",10.441,8,"Diethyl phthalate","CCOC(=O)C1=CC=CC=C1C(=O)OCC","InChI=1S/C12H14O4/c1-3-15-11(13)9-7-5-6-8-10(9)12(14)16-4-2/h5-8H,3-4H2,1-2H3","FLKPEMZONWLCSK-UHFFFAOYSA-N",13837303,6781
"XX860501","Challenge-142",301.0738," POSITIVE",10.581,28,"Temazepam","CN1c2ccc(Cl)cc2C(=NC(O)C1=O)c1ccccc1","InChI=1S/C16H13ClN2O2/c1-19-13-8-7-11(17)9-12(13)14(18-15(20)16(19)21)10-5-3-2-4-6-10/h2-9,15,20H,1H3","SEQDDYPDSLOBDC-UHFFFAOYSA-N",5198,5391
"XX874801","Challenge-143",405.2272," POSITIVE",10.838,218,"Hydrocortisonacetate","CC(=O)OCC(=O)[C@@]1(O)CC[C@H]2[C@@H]3CCC4=CC(=O)CC[C@]4(C)[C@H]3[C@@H](O)C[C@]12C","InChI=1S/C23H32O6/c1-13(24)29-12-19(27)23(28)9-7-17-16-5-4-14-10-15(25)6-8-21(14,2)20(16)18(26)11-22(17,23)3/h10,16-18,20,26,28H,4-9,11-12H2,1-3H3/t16-,17-,18-,20+,21-,22-,23-/m0/s1","ALEXXDVDDISNDU-JZYPGELDSA-N",5542,5744
"XX876801","Challenge-144",230.2478," POSITIVE",10.848,10,"N,N-Dimethyldodecylamine N-oxide","CCCCCCCCCCCC[N+](C)(C)[O-]","InChI=1S/C14H31NO/c1-4-5-6-7-8-9-10-11-12-13-14-15(2,3)16/h4-14H2,1-3H3","SYELZBGXAIXKHU-UHFFFAOYSA-N",14688,15433
"XX860702","Challenge-145",423.1695," POSITIVE",10.866,90,"Losartan","CCCCC1=NC(Cl)=C(CO)N1CC1=CC=C(C=C1)C1=C(C=CC=C1)C1=NNN=N1","InChI=1S/C22H23ClN6O/c1-2-3-8-20-24-21(23)19(14-30)29(20)13-15-9-11-16(12-10-15)17-6-4-5-7-18(17)22-25-27-28-26-22/h4-7,9-12,30H,2-3,8,13-14H2,1H3,(H,25,26,27,28)","PSIFNNKUMBGKDQ-UHFFFAOYSA-N",3824,3961
"XX845402","Challenge-146",317.1642," POSITIVE",10.882,75,"Bupirimate","CCCCC1=C(C)N=C(NCC)N=C1OS(=O)(=O)N(C)C","InChI=1S/C13H24N4O3S/c1-6-8-9-11-10(3)15-13(14-7-2)16-12(11)20-21(18,19)17(4)5/h6-9H2,1-5H3,(H,14,15,16)","DSKJPMWIHSOYEA-UHFFFAOYSA-N",35588,38884
"XX860201","Challenge-147",414.9933," POSITIVE",10.885,10,"Miconazole","Clc1ccc(COC(Cn2ccnc2)c2ccc(Cl)cc2Cl)c(Cl)c1","InChI=1S/C18H14Cl4N2O/c19-13-2-1-12(16(21)7-13)10-25-18(9-24-6-5-23-11-24)15-4-3-14(20)8-17(15)22/h1-8,11,18H,9-10H2","BYBLEWFAAKGYCD-UHFFFAOYSA-N",4044,4189
"XX857701","Challenge-148",321.1333," POSITIVE",10.904,34,"Mycophenolic acid","COc1c(C)c2COC(=O)c2c(O)c1C\C=C(/C)CCC(O)=O","InChI=1S/C17H20O6/c1-9(5-7-13(18)19)4-6-11-15(20)14-12(8-23-17(14)21)10(2)16(11)22-3/h4,20H,5-8H2,1-3H3,(H,18,19)/b9-4+","HPNSFSBZBAHARI-RUDMXATFSA-N",393865,446541
"XX848103","Challenge-149",264.009," POSITIVE",10.968,25,"Parathion-methyl","COP(=S)(OC)Oc1ccc(cc1)[N+]([O-])=O","InChI=1S/C8H10NO5PS/c1-12-15(16,13-2)14-8-5-3-7(4-6-8)9(10)11/h3-6H,1-2H3","RLBIQVVOMOPOHC-UHFFFAOYSA-N",3987,4130
"XX861203","Challenge-150",372.2322," POSITIVE",11.018,34,"Tamoxifen","CC\C(=C(/c1ccccc1)c1ccc(OCCN(C)C)cc1)c1ccccc1","InChI=1S/C26H29NO/c1-4-25(21-11-7-5-8-12-21)26(22-13-9-6-10-14-22)23-15-17-24(18-16-23)28-20-19-27(2)3/h5-18H,4,19-20H2,1-3H3/b26-25-","NKANXQFJJICGDU-QPLCGJKRSA-N",2015313,2733526
"XX853101","Challenge-151",322.0663," POSITIVE",11.065,18,"Clopidogrel","COC(=O)C(N1CCc2sccc2C1)c1ccccc1Cl","InChI=1S/C16H16ClNO2S/c1-20-16(19)15(12-4-2-3-5-13(12)17)18-8-6-14-11(10-18)7-9-21-14/h2-5,7,9,15H,6,8,10H2,1H3","GKTWGGQPFAXNFI-UHFFFAOYSA-N",2704,2806
"XX840003","Challenge-152",287.0948," POSITIVE",11.089,59,"Ethofumesate","CCOC1Oc2ccc(OS(C)(=O)=O)cc2C1(C)C","InChI=1S/C13H18O5S/c1-5-16-12-13(2,3)10-8-9(18-19(4,14)15)6-7-11(10)17-12/h6-8,12H,5H2,1-4H3","IRCMYGHHKLLGHV-UHFFFAOYSA-N",30816,33360
"XX881501","Challenge-153",251.0468," POSITIVE",11.166,23,"Diphenylphosphate","OP(=O)(OC1=CC=CC=C1)OC1=CC=CC=C1","InChI=1S/C12H11O4P/c13-17(14,15-11-7-3-1-4-8-11)16-12-9-5-2-6-10-12/h1-10H,(H,13,14)","ASMQGLCHMVWBQR-UHFFFAOYSA-N",12722,13282
"XX884202","Challenge-154",253.0464," POSITIVE",11.242,25,"2-Morpholinothiobenzothiazole","C1CN(CCO1)SC1=NC2=CC=CC=C2S1","InChI=1S/C11H12N2OS2/c1-2-4-10-9(3-1)12-11(15-10)16-13-5-7-14-8-6-13/h1-4H,5-8H2","MHKLKWCYGIBEQF-UHFFFAOYSA-N",7337,7619
"XX872301","Challenge-155",299.2006," POSITIVE",11.255,124,"Norethindrone","CC12CCC3C(CCC4=CC(=O)CCC34)C1CCC2(O)C#C","InChI=1S/C20H26O2/c1-3-20(22)11-9-18-17-6-4-13-12-14(21)5-7-15(13)16(17)8-10-19(18,20)2/h1,12,15-18,22H,4-11H2,2H3","VIKNJXKGJWUCNN-UHFFFAOYSA-N",4377,4536
"XX818201","Challenge-156",441.167," POSITIVE",11.262,104,"Candesartan","CCOC1=Nc2cccc(C(O)=O)c2N1Cc1ccc(-c2ccccc2C2NN=NN=2)cc1","InChI=1S/C24H20N6O3/c1-2-33-24-25-20-9-5-8-19(23(31)32)21(20)30(24)14-15-10-12-16(13-11-15)17-6-3-4-7-18(17)22-26-28-29-27-22/h3-13H,2,14H2,1H3,(H,31,32)(H,26,27,28,29)","HTQMVQVXFRQIKW-UHFFFAOYSA-N",2445,2541
"XX880301","Challenge-157",194.1176," POSITIVE",11.279,13,"Ethyl-4-dimethylaminobenzoate","CCOC(=O)C1=CC=C(C=C1)N(C)C","InChI=1S/C11H15NO2/c1-4-14-11(13)9-5-7-10(8-6-9)12(2)3/h5-8H,4H2,1-3H3","FZUGPQWGEGAKET-UHFFFAOYSA-N",23472,25127
"XX848001","Challenge-158",279.0273," POSITIVE",11.29,56,"Fenthion","COP(=S)(OC)Oc1ccc(SC)c(C)c1","InChI=1S/C10H15O3PS2/c1-8-7-9(5-6-10(8)16-4)13-14(15,11-2)12-3/h5-7H,1-4H3","PNVJTZOFSHSLTO-UHFFFAOYSA-N",3229,3346
"XX837002","Challenge-159",247.0965," POSITIVE",11.296,4,"Diallyl phthalate","C=CCOC(=O)C1=CC=CC=C1C(=O)OCC=C","InChI=1S/C14H14O4/c1-3-9-17-13(15)11-7-5-6-8-12(11)14(16)18-10-4-2/h3-8H,1-2,9-10H2","QUDWYFHPNIMBFC-UHFFFAOYSA-N",8242,8560
"XX878003","Challenge-160",194.0964," POSITIVE",11.298,12,"Iminostilbene","N1C2=CC=CC=C2C=CC2=CC=CC=C12","InChI=1S/C14H11N/c1-3-7-13-11(5-1)9-10-12-6-2-4-8-14(12)15-13/h1-10,15H","LCGTWRLJTMHIQZ-UHFFFAOYSA-N",8857,9212
"XX874002","Challenge-161",311.2006," POSITIVE",11.331,179,"Gestoden","CCC12CCC3C(CCC4=CC(=O)CCC34)C1C=CC2(O)C#C","InChI=1S/C21H26O2/c1-3-20-11-9-17-16-8-6-15(22)13-14(16)5-7-18(17)19(20)10-12-21(20,23)4-2/h2,10,12-13,16-19,23H,3,5-9,11H2,1H3","SIGSPDASOTUPFS-UHFFFAOYSA-N",2892,2999
"XX802903","Challenge-162",195.0804," POSITIVE",11.341,19,"Anthrone","O=C1C2=CC=CC=C2CC2=CC=CC=C12","InChI=1S/C14H10O/c15-14-12-7-3-1-5-10(12)9-11-6-2-4-8-13(11)14/h1-8H,9H2","RJGDLRCDCYRQOQ-UHFFFAOYSA-N",6751,7018
"XX884302","Challenge-163",232.1332," POSITIVE",11.355,36,"7-Diethylamino-4-methylcoumarin","CCN(CC)C1=CC=C2C(C)=CC(=O)OC2=C1","InChI=1S/C14H17NO2/c1-4-15(5-2)11-6-7-12-10(3)8-14(16)17-13(12)9-11/h6-9H,4-5H2,1-3H3","AFYCEAFSNDLKSX-UHFFFAOYSA-N",6783,7050
"XX849302","Challenge-164",470.3054," POSITIVE",11.405,15,"Ebastin","CC(C)(C)C1=CC=C(C=C1)C(=O)CCCN1CCC(CC1)OC(C1=CC=CC=C1)C1=CC=CC=C1","InChI=1S/C32H39NO2/c1-32(2,3)28-18-16-25(17-19-28)30(34)15-10-22-33-23-20-29(21-24-33)35-31(26-11-6-4-7-12-26)27-13-8-5-9-14-27/h4-9,11-14,16-19,29,31H,10,15,20-24H2,1-3H3","MJJALKDDGIKVBE-UHFFFAOYSA-N",3079,3191
"XX874102","Challenge-165",367.2268," POSITIVE",11.463,185,"Drospirenone","CC12CCC3C(C4CC4C4=CC(=O)CCC34C)C1C1CC1C21CCC(=O)O1","InChI=1S/C24H30O3/c1-22-6-3-12(25)9-17(22)13-10-14(13)20-16(22)4-7-23(2)21(20)15-11-18(15)24(23)8-5-19(26)27-24/h9,13-16,18,20-21H,3-8,10-11H2,1-2H3","METQSPRSQINEEU-UHFFFAOYSA-N",11266927,12803450
"XX808902","Challenge-166",223.0754," POSITIVE",11.465,16,"Flavone","O=C1C=C(OC2=CC=CC=C12)C1=CC=CC=C1","InChI=1S/C15H10O2/c16-13-10-15(11-6-2-1-3-7-11)17-14-9-5-4-8-12(13)14/h1-10H","VHBFFQKBGNRLFZ-UHFFFAOYSA-N",10230,10680
"XX873101","Challenge-167",341.2111," POSITIVE",11.501,117,"Canrenone","CC12CCC3C(C=CC4=CC(=O)CCC34C)C1CCC21CCC(=O)O1","InChI=1S/C22H28O3/c1-20-9-5-15(23)13-14(20)3-4-16-17(20)6-10-21(2)18(16)7-11-22(21)12-8-19(24)25-22/h3-4,13,16-18H,5-12H2,1-2H3","UJVLDDZCTMKXJK-UHFFFAOYSA-N",282625,319260
"XX845003","Challenge-168",214.0629," POSITIVE",11.506,28,"Chlorpropham","CC(C)OC(=O)Nc1cccc(Cl)c1","InChI=1S/C10H12ClNO2/c1-7(2)14-10(13)12-9-5-3-4-8(11)6-9/h3-7H,1-2H3,(H,12,13)","CWJSHJJYOPWUGX-UHFFFAOYSA-N",2627,2728
"XX844202","Challenge-169",296.116," POSITIVE",11.581,11,"Triadimenol","CC(C)(C)C(O)C(Oc1ccc(Cl)cc1)n1cncn1","InChI=1S/C14H18ClN3O2/c1-14(2,3)12(19)13(18-9-16-8-17-18)20-11-6-4-10(15)5-7-11/h4-9,12-13,19H,1-3H3","BAZVSMNPJJMILC-UHFFFAOYSA-N",37749,41368
"XX849802","Challenge-170",361.1394," POSITIVE",11.669,153,"Nitrendipin","CCOC(=O)C1=C(C)NC(C)=C(C1C1=CC=CC(=C1)[N+]([O-])=O)C(=O)OC","InChI=1S/C18H20N2O6/c1-5-26-18(22)15-11(3)19-10(2)14(17(21)25-4)16(15)12-7-6-8-13(9-12)20(23)24/h6-9,16,19H,5H2,1-4H3","PVHUJELLJLJGLN-UHFFFAOYSA-N",4351,4507
"XX814802","Challenge-171",200.0528," POSITIVE",11.723,7,"2-Methylnaphtho(1,2-d)thiazole","CC1=NC2=C(S1)C=CC1=CC=CC=C21","InChI=1S/C12H9NS/c1-8-13-12-10-5-3-2-4-9(10)6-7-11(12)14-8/h2-7H,1H3","OUXMJRMYZCEVKO-UHFFFAOYSA-N",68397,75892
"XX873701","Challenge-172",313.2162," POSITIVE",11.804,160,"Norgestrel","CCC12CCC3C(CCC4=CC(=O)CCC34)C1CCC2(O)C#C","InChI=1S/C21H28O2/c1-3-20-11-9-17-16-8-6-15(22)13-14(16)5-7-18(17)19(20)10-12-21(20,23)4-2/h2,13,16-19,23H,3,5-12H2,1H3","WWYNJERNGUHSAO-UHFFFAOYSA-N",4383,4542
"XX833501","Challenge-173",294.2064," POSITIVE",11.829,11,"Nonivamide","CCCCCCCCC(=O)NCC1=CC=C(O)C(OC)=C1","InChI=1S/C17H27NO3/c1-3-4-5-6-7-8-9-17(20)18-13-14-10-11-15(19)16(12-14)21-2/h10-12,19H,3-9,13H2,1-2H3,(H,18,20)","RGOVYLWUIBMPGK-UHFFFAOYSA-N",2891,2998
"XX874501","Challenge-174",375.1721," POSITIVE",11.842,258,"Cyproterone","CC(=O)C1(O)CCC2C3C=C(Cl)C4=CC(=O)C5CC5C4(C)C3CCC12C","InChI=1S/C22H27ClO3/c1-11(24)22(26)7-5-14-12-9-18(23)17-10-19(25)13-8-16(13)21(17,3)15(12)4-6-20(14,22)2/h9-10,12-16,26H,4-8H2,1-3H3","DUSHUSLJJMDGTE-UHFFFAOYSA-N",2907,3015
"XX802503","Challenge-175",221.0961," POSITIVE",11.963,10,"9-Acetylanthracene","CC(=O)C1=C2C=CC=CC2=CC2=CC=CC=C12","InChI=1S/C16H12O/c1-11(17)16-14-8-4-2-6-12(14)10-13-7-3-5-9-15(13)16/h2-10H,1H3","NXXNVJDXUHMAHU-UHFFFAOYSA-N",63106,69911
"XX860801","Challenge-176",436.2343," POSITIVE",11.967,65,"Valsartan","CCCCC(=O)N(CC1=CC=C(C=C1)C1=CC=CC=C1C1=NNN=N1)[C@@H](C(C)C)C(O)=O","InChI=1S/C24H29N5O3/c1-4-5-10-21(30)29(22(16(2)3)24(31)32)15-17-11-13-18(14-12-17)19-8-6-7-9-20(19)23-25-27-28-26-23/h6-9,11-14,16,22H,4-5,10,15H2,1-3H3,(H,31,32)(H,25,26,27,28)/t22-/m0/s1","ACWBQPMHZXGDFX-QFIPXVFZSA-N",54833,60846
"XX846202","Challenge-177",459.0866," POSITIVE",11.998,256,"Fluoxastrobin","CO\N=C(\C1=NOCCO1)C1=C(OC2=C(F)C(OC3=C(Cl)C=CC=C3)=NC=N2)C=CC=C1","InChI=1S/C21H16ClFN4O5/c1-28-26-18(21-27-30-11-10-29-21)13-6-2-4-8-15(13)31-19-17(23)20(25-12-24-19)32-16-9-5-3-7-14(16)22/h2-9,12H,10-11H2,1H3/b26-18+","UFEODZBUAFNAEU-NLRVBDNBSA-N",9223963,11048796
"XX812301","Challenge-178",269.1648," POSITIVE",12,16,"Michler's ketone","CN(C)C1=CC=C(C=C1)C(=O)C2=CC=C(C=C2)N(C)C","InChI=1S/C17H20N2O/c1-18(2)15-9-5-13(6-10-15)17(20)14-7-11-16(12-8-14)19(3)4/h5-12H,1-4H3","VVBLNCFGVYUYGU-UHFFFAOYSA-N",6764,7031
"XX845803","Challenge-179",311.0393," POSITIVE",12.074,8,"Diflubenzuron","FC1=CC=CC(F)=C1C(=O)NC(=O)NC1=CC=C(Cl)C=C1","InChI=1S/C14H9ClF2N2O2/c15-8-4-6-9(7-5-8)18-14(21)19-13(20)12-10(16)2-1-3-11(12)17/h1-7H,(H2,18,19,20,21)","QQQYTWIFVNKMRW-UHFFFAOYSA-N",34065,37123
"XX817001","Challenge-180",221.0961," POSITIVE",12.085,6,"9-Acetylphenanthren","CC(=O)C1=CC2=CC=CC=C2C2=CC=CC=C12","InChI=1S/C16H12O/c1-11(17)16-10-12-6-2-3-7-13(12)14-8-4-5-9-15(14)16/h2-10H,1H3","UIFAWZBYTTXSOG-UHFFFAOYSA-N",67432,74868
"XX851503","Challenge-181",552.1911," POSITIVE",12.089,140,"Bosentan","COC1=CC=CC=C1OC1=C(OCCO)N=C(N=C1NS(=O)(=O)C1=CC=C(C=C1)C(C)(C)C)C1=NC=CC=N1","InChI=1S/C27H29N5O6S/c1-27(2,3)18-10-12-19(13-11-18)39(34,35)32-23-22(38-21-9-6-5-8-20(21)36-4)26(37-17-16-33)31-25(30-23)24-28-14-7-15-29-24/h5-15,33H,16-17H2,1-4H3,(H,30,31,32)","GJPICJJJRGTNOD-UHFFFAOYSA-N",94651,104865
"XX851602","Challenge-182",382.0832," POSITIVE",12.089,79,"Celecoxib","CC1=CC=C(C=C1)C1=CC(=NN1C1=CC=C(C=C1)S(N)(=O)=O)C(F)(F)F","InChI=1S/C17H14F3N3O2S/c1-11-2-4-12(5-3-11)15-10-16(17(18,19)20)22-23(15)13-6-8-14(9-7-13)26(21,24)25/h2-10H,1H3,(H2,21,24,25)","RZEKVGVHFLEQIL-UHFFFAOYSA-N",2562,2662
"XX874701","Challenge-183",313.2162," POSITIVE",12.127,157,"Dydrogesterone","CC(=O)[C@H]1CC[C@H]2[C@@H]3C=CC4=CC(=O)CC[C@@]4(C)[C@@H]3CC[C@]12C","InChI=1S/C21H28O2/c1-13(22)17-6-7-18-16-5-4-14-12-15(23)8-10-20(14,2)19(16)9-11-21(17,18)3/h4-5,12,16-19H,6-11H2,1-3H3/t16-,17+,18-,19+,20+,21+/m0/s1","JGMOKGBVKVMRFX-HQZYFCCVSA-N",8699,9051
"XX873901","Challenge-184",345.2424," POSITIVE",12.203,118,"Medroxyprogesterone","CC1CC2C3CCC(O)(C(C)=O)C3(C)CCC2C2(C)CCC(=O)C=C12","InChI=1S/C22H32O3/c1-13-11-16-17(20(3)8-5-15(24)12-19(13)20)6-9-21(4)18(16)7-10-22(21,25)14(2)23/h12-13,16-18,25H,5-11H2,1-4H3","FRQMUZJSZHZSGN-UHFFFAOYSA-N",471209,541103
"XX851101","Challenge-185",494.1511," POSITIVE",12.241,56,"Glibenclamide","COC1=C(C=C(Cl)C=C1)C(=O)NCCC1=CC=C(C=C1)S(=O)(=O)NC(=O)NC1CCCCC1","InChI=1S/C23H28ClN3O5S/c1-32-21-12-9-17(24)15-20(21)22(28)25-14-13-16-7-10-19(11-8-16)33(30,31)27-23(29)26-18-5-3-2-4-6-18/h7-12,15,18H,2-6,13-14H2,1H3,(H,25,28)(H2,26,27,29)","ZNNLBTZKUZBEKO-UHFFFAOYSA-N",3368,3488
"XX841002","Challenge-186",306.1036," POSITIVE",12.282,45,"Pirimiphos-methyl","CCN(CC)c1nc(C)cc(OP(=S)(OC)OC)n1","InChI=1S/C11H20N3O3PS/c1-6-14(7-2)11-12-9(3)8-10(13-11)17-18(19,15-4)16-5/h8H,6-7H2,1-5H3","QHOQHJPRIBSPCY-UHFFFAOYSA-N",31773,34526
"XX846001","Challenge-187",302.1387," POSITIVE",12.301,29,"Fenoxycarb","CCOC(=O)NCCOC1=CC=C(OC2=CC=CC=C2)C=C1","InChI=1S/C17H19NO4/c1-2-20-17(19)18-12-13-21-14-8-10-16(11-9-14)22-15-6-4-3-5-7-15/h3-11H,2,12-13H2,1H3,(H,18,19)","HJUFTIJOISQSKQ-UHFFFAOYSA-N",46739,51605
"XX875001","Challenge-188",385.2373," POSITIVE",12.354,145,"Megestrol-17-acetate","CC(=O)O[C@@]1(CC[C@H]2[C@@H]3C=C(C)C4=CC(=O)CC[C@]4(C)[C@H]3CC[C@]12C)C(C)=O","InChI=1S/C24H32O4/c1-14-12-18-19(22(4)9-6-17(27)13-21(14)22)7-10-23(5)20(18)8-11-24(23,15(2)25)28-16(3)26/h12-13,18-20H,6-11H2,1-5H3/t18-,19+,20+,22-,23+,24+/m1/s1","RQZAXGRLVPAYTJ-GQFGMJRRSA-N",11192,11683
"XX845203","Challenge-189",368.1104," POSITIVE",12.395,17,"Picoxystrobin","COC=C(C(=O)OC)C1=CC=CC=C1COC1=CC=CC(=N1)C(F)(F)F","InChI=1S/C18H16F3NO4/c1-24-11-14(17(23)25-2)13-7-4-3-6-12(13)10-26-16-9-5-8-15(22-16)18(19,20)21/h3-9,11H,10H2,1-2H3","IBSNKSODLGJUMQ-UHFFFAOYSA-N",26469327,53394839
"XX859301","Challenge-190",559.2603," POSITIVE",12.404,142,"Atorvastatin","CC(C)c1c(C(=O)Nc2ccccc2)c(c(-c2ccc(F)cc2)n1CC[C@@H](O)C[C@@H](O)CC(O)=O)-c1ccccc1","InChI=1S/C33H35FN2O5/c1-21(2)31-30(33(41)35-25-11-7-4-8-12-25)29(22-9-5-3-6-10-22)32(23-13-15-24(34)16-14-23)36(31)18-17-26(37)19-27(38)20-28(39)40/h3-16,21,26-27,37-38H,17-20H2,1-2H3,(H,35,41)(H,39,40)/t26-,27-/m1/s1","XUKUURHRXDUEBC-KAYWLYCHSA-N",54810,60823
"XX874903","Challenge-191",387.253," POSITIVE",12.468,141,"Medroxyprogesteroneacetate","C[C@H]1C[C@H]2[C@@H]3CC[C@](OC(C)=O)(C(C)=O)[C@@]3(C)CC[C@@H]2[C@@]2(C)CCC(=O)C=C12","InChI=1S/C24H34O4/c1-14-12-18-19(22(4)9-6-17(27)13-21(14)22)7-10-23(5)20(18)8-11-24(23,15(2)25)28-16(3)26/h13-14,18-20H,6-12H2,1-5H3/t14-,18+,19-,20-,22+,23-,24-/m0/s1","PSGAAPLEWMOORI-PEINSRQWSA-N",6043,6279
"XX851202","Challenge-192",491.2323," POSITIVE",12.526,58,"Glimepiride","CCC1=C(C)CN(C(=O)NCCC2=CC=C(C=C2)S(=O)(=O)NC(=O)NC2CCC(C)CC2)C1=O","InChI=1S/C24H34N4O5S/c1-4-21-17(3)15-28(22(21)29)24(31)25-14-13-18-7-11-20(12-8-18)34(32,33)27-23(30)26-19-9-5-16(2)6-10-19/h7-8,11-12,16,19H,4-6,9-10,13-15H2,1-3H3,(H,25,31)(H2,26,27,30)","WIGIZIANZCJQQY-UHFFFAOYSA-N",3357,3476
"XX819401","Challenge-193",428.8912," POSITIVE",12.553,12,"Tris(1,3-dichlorisopropyl)phosphate (TDCPP)","O=P(OC(CCl)CCl)(OC(CCl)CCl)OC(CCl)CCl","InChI=1S/C9H15Cl6O4P/c10-1-7(2-11)17-20(16,18-8(3-12)4-13)19-9(5-14)6-15/h7-9H,1-6H2","ASLWPAWFJZFCKF-UHFFFAOYSA-N",24388,26177
"XX847901","Challenge-194",358.9768," POSITIVE",12.636,15,"Chlorfenvinphos","CCOP(=O)(OCC)O\C(=C/Cl)c1ccc(Cl)cc1Cl","InChI=1S/C12H14Cl3O4P/c1-3-17-20(16,18-4-2)19-12(8-13)10-6-5-9(14)7-11(10)15/h5-8H,3-4H2,1-2H3/b12-8-","FSAVDKDHPDSCTO-WQLSENKSSA-N",4526760,5377784
"XX847502","Challenge-195",374.0934," POSITIVE",12.807,66,"Pyrazophos","CCOC(=O)c1cn2nc(OP(=S)(OCC)OCC)cc2nc1C","InChI=1S/C14H20N3O5PS/c1-5-19-14(18)11-9-17-12(15-10(11)4)8-13(16-17)22-23(24,20-6-2)21-7-3/h8-9H,5-7H2,1-4H3","JOOMJVFZQRQWKR-UHFFFAOYSA-N",24247,26033
"XX876702","Challenge-196",288.2533," POSITIVE",12.948,22,"Lauryl diethanolamide","CCCCCCCCCCCC(=O)N(CCO)CCO","InChI=1S/C16H33NO3/c1-2-3-4-5-6-7-8-9-10-11-16(20)17(12-14-18)13-15-19/h18-19H,2-15H2,1H3","AOMUHOFOVNGZAN-UHFFFAOYSA-N",8123,8430
"XX828302","Challenge-197",254.0964," POSITIVE",13.058,3,"10-Azabenzo[a]pyrene","c1cnc2c(c1)cc1ccc3cccc4ccc2c1c34","InChI=1S/C19H11N/c1-3-12-6-7-14-11-15-5-2-10-20-19(15)16-9-8-13(4-1)17(12)18(14)16/h1-11H","BYFIUFNRSNKODH-UHFFFAOYSA-N",19953113,12435805
"XX824801","Challenge-198",267.172," POSITIVE",13.062,8,"Tri-isobutyl phosphate","CC(C)COP(=O)(OCC(C)C)OCC(C)C","InChI=1S/C12H27O4P/c1-10(2)7-14-17(13,15-8-11(3)4)16-9-12(5)6/h10-12H,7-9H2,1-6H3","HRKAMJBPFPHCSD-UHFFFAOYSA-N",29088,31355
"XX876601","Challenge-199",258.2428," POSITIVE",13.251,20,"Lauric isopropanolamide","CCCCCCCCCCCC(=O)NCC(C)O","InChI=1S/C15H31NO2/c1-3-4-5-6-7-8-9-10-11-12-15(18)16-13-14(2)17/h14,17H,3-13H2,1-2H3,(H,16,18)","MMBILEWCGWTAOV-UHFFFAOYSA-N",8078903,9903249
"XX821801","Challenge-200",329.0591," POSITIVE",13.403,45,"Acid Orange 7 (free acid)","OC1=CC=C2C=CC=CC2=C1N=NC1=CC=C(C=C1)S(O)(=O)=O","InChI=1S/C16H12N2O4S/c19-15-10-5-11-3-1-2-4-14(11)16(15)18-17-12-6-8-13(9-7-12)23(20,21)22/h1-10,19H,(H,20,21,22)","RDUJRVXKAIVTDH-UHFFFAOYSA-N",21535662,100958454
"XX860602","Challenge-201",361.1201," POSITIVE",13.657,15,"Fenofibrate ","CC(C)OC(=O)C(C)(C)Oc1ccc(cc1)C(=O)c1ccc(Cl)cc1","InChI=1S/C20H21ClO4/c1-13(2)24-19(23)20(3,4)25-17-11-7-15(8-12-17)18(22)14-5-9-16(21)10-6-14/h5-13H,1-4H3","YMTINGFKWWXKFG-UHFFFAOYSA-N",3222,3339
"XX843503","Challenge-202",282.1448," POSITIVE",13.761,75,"Pendimethalin","CCC(CC)Nc1c(cc(C)c(C)c1[N+]([O-])=O)[N+]([O-])=O","InChI=1S/C13H19N3O4/c1-5-10(6-2)14-12-11(15(17)18)7-8(3)9(4)13(12)16(19)20/h7,10,14H,5-6H2,1-4H3","CHIFOSRWCNZCFN-UHFFFAOYSA-N",35265,38479
"XX847702","Challenge-203",384.9949," POSITIVE",13.793,38,"Ethion","CCOP(=S)(OCC)SCSP(=S)(OCC)OCC","InChI=1S/C9H22O4P2S4/c1-5-10-14(16,11-6-2)18-9-19-15(17,12-7-3)13-8-4/h5-9H2,1-4H3","RIZMRRKBZQXFOY-UHFFFAOYSA-N",3171,3286
"XX883201","Challenge-204",369.125," POSITIVE",14.043,41,"Tricresylphosphate","CC1=C(OP(=O)(OC2=C(C)C=CC=C2)OC2=C(C)C=CC=C2)C=CC=C1","InChI=1S/C21H21O4P/c1-16-10-4-7-13-19(16)23-26(22,24-20-14-8-5-11-17(20)2)25-21-15-9-6-12-18(21)3/h4-15H,1-3H3","YSMRWXYRXBRSND-UHFFFAOYSA-N",21106216,6527
"XX827002","Challenge-205",331.1904," POSITIVE",14.107,11,"Dicyclohexyl phthalate","O=C(OC1CCCCC1)C1=CC=CC=C1C(=O)OC1CCCCC1","InChI=1S/C20H26O4/c21-19(23-15-9-3-1-4-10-15)17-13-7-8-14-18(17)20(22)24-16-11-5-2-6-12-16/h7-8,13-16H,1-6,9-12H2","VOWAEIGWURALJQ-UHFFFAOYSA-N",6519,6777
"XX848701","Challenge-206",489.0435," POSITIVE",14.154,9,"Flufenoxuron","FC1=CC(OC2=CC=C(C=C2Cl)C(F)(F)F)=CC=C1NC(=O)NC(=O)C1=C(F)C=CC=C1F","InChI=1S/C21H11ClF6N2O3/c22-12-8-10(21(26,27)28)4-7-17(12)33-11-5-6-16(15(25)9-11)29-20(32)30-19(31)18-13(23)2-1-3-14(18)24/h1-9H,(H2,29,30,31,32)","RYLHNOVXKPXDIP-UHFFFAOYSA-N",82863,91766
"XX833703","Challenge-207",303.2319," POSITIVE",14.844,31,"Abietic acid","CC(C)C1=CC2=CC[C@@H]3[C@](C)(CCC[C@@]3(C)C(O)=O)[C@H]2CC1","InChI=1S/C20H30O2/c1-13(2)14-6-8-16-15(12-14)7-9-17-19(16,3)10-5-11-20(17,4)18(21)22/h7,12-13,16-17H,5-6,8-11H2,1-4H3,(H,21,22)/t16-,17+,19+,20+/m0/s1","RSWGJHLUYNHPMX-ONCXSQPRSA-N",10127,10569
"XX854101","Challenge-208",496.3997," POSITIVE",15.627,89,"Orlistat","CCCCCCCCCCC[C@@H](C[C@@H]1OC(=O)[C@H]1CCCCCC)OC(=O)[C@H](CC(C)C)NC=O","InChI=1S/C29H53NO5/c1-5-7-9-11-12-13-14-15-16-18-24(34-29(33)26(30-22-31)20-23(3)4)21-27-25(28(32)35-27)19-17-10-8-6-2/h22-27H,5-21H2,1-4H3,(H,30,31)/t24-,25-,26-,27-/m0/s1","AHLBNYSZXLDEJQ-FWEHEUNISA-N",2298564,3034010
